,Portfolio Value
2015-03-31,997557.3086312792
2015-04-01,1001945.3626399599
2015-04-02,999917.9878992597
2015-04-06,1003839.4437793035
2015-04-07,1003695.3705938914
2015-04-08,1004554.637417407
2015-04-09,1002254.3738304324
2015-04-10,1005889.4390024233
2015-04-13,1004176.8805453621
2015-04-14,1004747.6366454968
2015-04-15,1007934.7483023213
2015-04-16,1006434.3440960337
2015-04-17,1004857.5616084235
2015-04-20,1005782.4783857097
2015-04-21,1006163.6439015542
2015-04-22,1001936.4453877588
2015-04-23,1005504.3539065609
2015-04-24,1007470.4860512968
2015-04-27,1009414.9021798024
2015-04-28,1007872.3795578985
2015-04-29,1002259.8438128489
2015-04-30,995178.4866690754
2015-05-01,995344.1224774785
2015-05-04,995664.0970229906
2015-05-05,990941.7981875711
2015-05-06,985312.5508904217
2015-05-07,988423.4214680205
2015-05-08,994730.3545195352
2015-05-11,986775.6977311971
2015-05-12,987506.136233289
2015-05-13,989329.4086243415
2015-05-14,995483.7056708854
2015-05-15,1000637.7051244974
2015-05-18,997820.6055240014
2015-05-19,992943.6485835944
2015-05-20,993901.5108802249
2015-05-21,998024.9624366744
2015-05-22,996907.8008127233
2015-05-26,994611.7733229123
2015-05-27,999104.1242291708
2015-05-28,998557.4527182255
2015-05-29,997141.0565893872
2015-06-01,995256.5929972738
2015-06-02,991724.1872441487
2015-06-03,987315.2399871746
2015-06-04,986447.9739897754
2015-06-05,981536.4071339448
2015-06-08,979488.2897637304
2015-06-09,977648.7537123717
2015-06-10,981091.7111449852
2015-06-11,985836.8844595933
2015-06-12,983043.4992975718
2015-06-15,982978.8265191173
2015-06-16,986135.3459783819
2015-06-17,986555.3839080243
2015-06-18,991849.691414934
2015-06-19,993034.2812343459
2015-06-22,988025.6820584154
2015-06-23,985652.3440897361
2015-06-24,985144.9372695412
2015-06-25,983075.2411589155
2015-06-26,979393.5908917278
2015-06-29,979192.2619421908
2015-06-30,977514.8927811076
2015-07-01,976331.4053597513
2015-07-02,977267.1451683067
2015-07-06,981038.749996268
2015-07-07,982508.832952134
2015-07-08,979580.019511114
2015-07-09,975672.474257446
2015-07-10,976479.4298555093
2015-07-13,979348.3770637804
2015-07-14,981883.7350095027
2015-07-15,983555.0101152979
2015-07-16,987557.8960830405
2015-07-17,989257.5307989557
2015-07-20,984246.4740941484
2015-07-21,984341.3409456941
2015-07-22,982489.9595416877
2015-07-23,982931.6569506812
2015-07-24,981802.2685664496
2015-07-27,980254.2322733777
2015-07-28,982203.6716756548
2015-07-29,983297.1935206489
2015-07-30,984070.9400068877
2015-07-31,987007.8686043987
2015-08-03,986908.2427576433
2015-08-04,984194.980880655
2015-08-05,983545.6685202366
2015-08-06,982332.7199064617
2015-08-07,984921.6102982352
2015-08-10,987785.4193638507
2015-08-11,988899.1340858776
2015-08-12,990996.455900984
2015-08-13,988047.7837921855
2015-08-14,989022.2420003578
2015-08-17,992873.193059481
2015-08-18,989922.1210708399
2015-08-19,992508.9857603657
2015-08-20,989279.5218910543
2015-08-21,979229.7347959843
2015-08-24,965219.6478126239
2015-08-25,957139.5454502142
2015-08-26,964606.9664531444
2015-08-27,972667.5352920594
2015-08-28,974529.4588068944
2015-08-31,969779.5572617261
2015-09-01,962255.1016788516
2015-09-02,967092.5191030692
2015-09-03,966430.8049695326
2015-09-04,963503.2735146856
2015-09-08,968847.5773064914
2015-09-09,963543.746016744
2015-09-10,965137.9466104524
2015-09-11,967910.8188272447
2015-09-14,967277.7521807833
2015-09-15,966060.0186093454
2015-09-16,969810.4216409809
2015-09-17,974817.3963999279
2015-09-18,974324.1518616617
2015-09-21,970964.1314233565
2015-09-22,968437.5085624327
2015-09-23,968694.58700012
2015-09-24,972304.3428132987
2015-09-25,967974.7397918627
2015-09-28,960929.3835799986
2015-09-29,960615.2978820712
2015-09-30,965060.8878833159
2015-10-01,966819.9511640233
2015-10-02,977358.9188498124
2015-10-05,978974.7471947242
2015-10-06,980282.5826924203
2015-10-07,981363.0841873586
2015-10-08,980804.8806616706
2015-10-09,984731.2420561673
2015-10-12,987690.033667684
2015-10-13,986884.6666213621
2015-10-14,991235.2260798719
2015-10-15,994214.8309125479
2015-10-16,994320.5491126531
2015-10-19,994182.5526057379
2015-10-20,992473.6444697663
2015-10-21,991219.1243753833
2015-10-22,997764.4704908795
2015-10-23,1001381.1458317301
2015-10-26,1002510.6396484484
2015-10-27,1003796.0995232331
2015-10-28,1003959.4070569058
2015-10-29,998157.6943091291
2015-10-30,997632.0762477766
2015-11-02,999031.3003458033
2015-11-03,995777.4953259658
2015-11-04,993557.1830683106
2015-11-05,991880.954277364
2015-11-06,985759.1626623623
2015-11-09,981688.911589485
2015-11-10,982173.8582574656
2015-11-11,980314.0306806805
2015-11-12,977387.8371585871
2015-11-13,973542.4898002106
2015-11-16,978608.9521814113
2015-11-17,976591.8146170016
2015-11-18,982596.5495934618
2015-11-19,985772.121414045
2015-11-20,986010.3361421492
2015-11-23,984720.4933893601
2015-11-24,986025.1291514826
2015-11-25,985870.1979023195
2015-11-27,984382.4248522801
2015-11-30,985018.4454305392
2015-12-01,991961.1851486292
2015-12-02,986104.5012600526
2015-12-03,976447.376540846
2015-12-04,988989.1669633716
2015-12-07,987189.1876717512
2015-12-08,986521.0570751475
2015-12-09,982532.2940029713
2015-12-10,983312.5654163124
2015-12-11,981245.7681238373
2015-12-14,977663.9358985898
2015-12-15,978524.8801678406
2015-12-16,984348.6663813689
2015-12-17,978316.5775600995
2015-12-18,976404.7067919276
2015-12-21,981317.5399756958
2015-12-22,981322.2248487603
2015-12-23,982403.2132900252
2015-12-24,984582.9594044692
2015-12-28,983291.4067608891
2015-12-29,983823.86979809
2015-12-30,979854.3248143704
2015-12-31,977072.4472598718
2016-01-04,975662.1930931013
2016-01-05,975312.3963368289
2016-01-06,977261.0261258079
2016-01-07,971111.6225034498
2016-01-08,968520.7496536743
2016-01-11,965502.03592151
2016-01-12,970879.637716966
2016-01-13,964218.396753512
2016-01-14,965789.32116292
2016-01-15,962238.6639356724
2016-01-19,961922.3058163713
2016-01-20,964069.4942043066
2016-01-21,963795.3320348117
2016-01-22,969866.4061301604
2016-01-25,968054.5556415295
2016-01-26,973788.5925333673
2016-01-27,968641.3133432058
2016-01-28,970448.7877695961
2016-01-29,980726.0252950928
2016-02-01,981813.8790971119
2016-02-02,979692.6802395483
2016-02-03,980125.9201316043
2016-02-04,983543.6363532424
2016-02-05,977532.8488989049
2016-02-08,979863.9982805648
2016-02-09,979151.5925252502
2016-02-10,982813.9965626132
2016-02-11,988934.6985506302
2016-02-12,989601.7571937749
2016-02-16,988616.8410757739
2016-02-17,994611.5696671504
2016-02-18,998942.4509084944
2016-02-19,998337.7248772917
2016-02-22,1000190.0633303182
2016-02-23,998808.2152737607
2016-02-24,1001412.6741431772
2016-02-25,1006630.3449588596
2016-02-26,1002214.8945175669
2016-02-29,1002658.0396325326
2016-03-01,1006088.0635482193
2016-03-02,1008573.3086755543
2016-03-03,1012662.3571189697
2016-03-04,1011232.082930376
2016-03-07,1010651.5087851287
2016-03-08,1009562.0053266485
2016-03-09,1008321.7844884744
2016-03-10,1009564.15775789
2016-03-11,1009906.5390187723
2016-03-14,1008441.956412523
2016-03-15,1008419.4849178754
2016-03-16,1016302.8949251294
2016-03-17,1017496.9875786956
2016-03-18,1018651.1360266743
2016-03-21,1016550.7288527631
2016-03-22,1016978.0856373549
2016-03-23,1013360.7101055525
2016-03-24,1012742.5541292736
2016-03-28,1013505.6683458968
2016-03-29,1024071.9802866431
2016-03-30,1021226.6974949942
2016-03-31,1023248.3742236918
2016-04-01,1025472.2611531515
2016-04-04,1023549.1484780986
2016-04-05,1024982.4025613079
2016-04-06,1026898.9630515615
2016-04-07,1027870.0117029211
2016-04-08,1026596.4284107259
2016-04-11,1027589.8472025609
2016-04-12,1028727.4519276323
2016-04-13,1031435.6963914051
2016-04-14,1027808.5466295262
2016-04-15,1030460.8656397361
2016-04-18,1031379.1936486558
2016-04-19,1032653.553304768
2016-04-20,1029175.6793445514
2016-04-21,1027568.350049983
2016-04-22,1022128.0120227765
2016-04-25,1021393.038833376
2016-04-26,1020318.2721071824
2016-04-27,1022526.7065149988
2016-04-28,1023483.2395616169
2016-04-29,1025379.6211453738
2016-05-02,1025485.4750649307
2016-05-03,1025341.287349475
2016-05-04,1023461.8987515615
2016-05-05,1024844.0009605117
2016-05-06,1026748.854819114
2016-05-09,1024767.2645602525
2016-05-10,1029689.5982120335
2016-05-11,1029299.1300298509
2016-05-12,1025885.1555115294
2016-05-13,1026850.3916477516
2016-05-16,1028604.9195545337
2016-05-17,1025417.2430257212
2016-05-18,1018954.8456229037
2016-05-19,1018098.7611318771
2016-05-20,1021098.2633306516
2016-05-23,1020625.6683036621
2016-05-24,1022056.7958407807
2016-05-25,1023342.4751200271
2016-05-26,1024816.3264769077
2016-05-27,1024345.762602785
2016-05-31,1025684.1997049698
2016-06-01,1026388.3924964414
2016-06-02,1028765.4885132338
2016-06-03,1036428.7076959249
2016-06-06,1036208.8265365162
2016-06-07,1036602.4871065691
2016-06-08,1041168.8524452922
2016-06-09,1043032.9040663115
2016-06-10,1041647.2876162062
2016-06-13,1041280.1599468763
2016-06-14,1040967.7674774824
2016-06-15,1042905.4278231007
2016-06-16,1043029.0847645012
2016-06-17,1040890.718264357
2016-06-20,1039339.8088360645
2016-06-21,1035700.6686293329
2016-06-22,1035773.7066604564
2016-06-23,1036449.448739505
2016-06-24,1038490.3423372471
2016-06-27,1038683.6367613344
2016-06-28,1044052.6100415677
2016-06-29,1048655.7168927402
2016-06-30,1055019.8076770315
2016-07-01,1061897.0018004437
2016-07-05,1064242.848195188
2016-07-06,1068023.281215163
2016-07-07,1067436.1274445204
2016-07-08,1075512.5799158684
2016-07-11,1072750.4844402925
2016-07-12,1067872.737566634
2016-07-13,1071631.5978424018
2016-07-14,1068992.3600001372
2016-07-15,1065474.3249591012
2016-07-18,1067291.9700497014
2016-07-19,1068197.6925177674
2016-07-20,1067014.7584013706
2016-07-21,1069503.993295825
2016-07-22,1069807.5972040077
2016-07-25,1067694.937952722
2016-07-26,1069144.6212852185
2016-07-27,1076128.5974164773
2016-07-28,1076184.2199777365
2016-07-29,1081111.9584217703
2016-08-01,1079596.491147844
2016-08-02,1076164.8269494835
2016-08-03,1076645.1993248484
2016-08-04,1079553.4891002255
2016-08-05,1076237.7669732727
2016-08-08,1075954.3027042972
2016-08-09,1079707.0148018403
2016-08-10,1080900.2676454366
2016-08-11,1078603.7857396302
2016-08-12,1080465.234555824
2016-08-15,1080094.247322827
2016-08-16,1078201.860845679
2016-08-17,1080267.2387608571
2016-08-18,1082301.891401863
2016-08-19,1078663.6298631425
2016-08-22,1080458.775811729
2016-08-23,1081313.0424140242
2016-08-24,1076673.6860209426
2016-08-25,1075067.8798332526
2016-08-26,1072830.7109319235
2016-08-29,1077524.9613363654
2016-08-30,1074141.043813382
2016-08-31,1073115.5690832422
2016-09-01,1074875.062283183
2016-09-02,1076151.432898138
2016-09-06,1083077.6787894403
2016-09-07,1082517.411788758
2016-09-08,1076795.3523768736
2016-09-09,1062788.97938353
2016-09-12,1068551.3376264896
2016-09-13,1060431.8852053138
2016-09-14,1062576.1307133483
2016-09-15,1065354.2764273807
2016-09-16,1065679.4052209833
2016-09-19,1064380.9392290332
2016-09-20,1065742.5371802857
2016-09-21,1073798.9050298657
2016-09-22,1078667.6580844976
2016-09-23,1076657.1626794608
2016-09-26,1075305.5124077154
2016-09-27,1078501.1673605817
2016-09-28,1078634.906296812
2016-09-29,1076109.7767580403
2016-09-30,1075973.8192373111
2016-10-03,1073794.0463162707
2016-10-04,1063211.3277271246
2016-10-05,1063011.2782695733
2016-10-06,1060035.8957136022
2016-10-07,1059596.6521241365
2016-10-10,1060655.2309210584
2016-10-11,1054502.2015807966
2016-10-12,1055034.1048521341
2016-10-13,1055340.85926672
2016-10-14,1051592.1524139042
2016-10-17,1052613.223559836
2016-10-18,1057324.7314876795
2016-10-19,1059011.5230169569
2016-10-20,1057874.86332893
2016-10-21,1059243.8460963562
2016-10-24,1060635.8998270915
2016-10-25,1061242.9013463263
2016-10-26,1057041.1841719483
2016-10-27,1053589.7334013723
2016-10-28,1052431.1414445336
2016-10-31,1054132.8486143388
2016-11-01,1052685.2100906563
2016-11-02,1052902.1876121273
2016-11-03,1049858.0169273722
2016-11-04,1051338.9978308787
2016-11-07,1053803.1641950703
2016-11-08,1053477.1839925407
2016-11-09,1045486.1251942613
2016-11-10,1036762.8354371323
2016-11-11,1031243.2949793469
2016-11-14,1025880.8469091301
2016-11-15,1031950.1376300488
2016-11-16,1033816.1260809496
2016-11-17,1031724.1850967929
2016-11-18,1027816.7591240068
2016-11-21,1032066.588701953
2016-11-22,1032929.3797613542
2016-11-23,1027489.8685108495
2016-11-25,1027791.8483380497
2016-11-28,1030533.8218159388
2016-11-29,1031576.6197490033
2016-11-30,1022721.642667094
2016-12-01,1016261.1282045828
2016-12-02,1019767.2647444798
2016-12-05,1020941.2155927096
2016-12-06,1021615.7803230006
2016-12-07,1028655.98368554
2016-12-08,1026274.789413715
2016-12-09,1023795.7640687217
2016-12-12,1023766.4076667421
2016-12-13,1027154.0319260693
2016-12-14,1019172.7479945385
2016-12-15,1018097.260681101
2016-12-16,1018156.4257671661
2016-12-19,1022745.3685533756
2016-12-20,1021600.9818710075
2016-12-21,1022202.9632001619
2016-12-22,1020679.5580151696
2016-12-23,1022088.3983035438
2016-12-27,1023502.3959948921
2016-12-28,1023151.2475853037
2016-12-29,1026404.6859222846
2016-12-30,1023779.823271324
2017-01-03,1028439.4466317728
2017-01-04,1031884.3193766412
2017-01-05,1039270.3097723608
2017-01-06,1037588.9651558106
2017-01-09,1041184.0912562689
2017-01-10,1042046.709123468
2017-01-11,1044403.6483579256
2017-01-12,1044100.3513294138
2017-01-13,1044259.6897323962
2017-01-17,1048412.4146664118
2017-01-18,1044009.4808001926
2017-01-19,1041204.741808796
2017-01-20,1042483.1872048106
2017-01-23,1046089.068894793
2017-01-24,1045622.6273213611
2017-01-25,1044320.1166691227
2017-01-26,1043535.8288720413
2017-01-27,1044872.113960109
2017-01-30,1042587.1465245888
2017-01-31,1046458.7103929761
2017-02-01,1045722.1679440197
2017-02-02,1046704.8807105066
2017-02-03,1048837.9143217586
2017-02-06,1053153.6674720864
2017-02-07,1055003.8634056426
2017-02-08,1059872.0233509243
2017-02-09,1056958.7243014753
2017-02-10,1058459.1385190217
2017-02-13,1058340.7587613342
2017-02-14,1057787.6018475408
2017-02-15,1059314.1761143475
2017-02-16,1061807.5340278796
2017-02-17,1063895.6704004179
2017-02-21,1065552.871848196
2017-02-22,1066328.8294979213
2017-02-23,1068413.146074348
2017-02-24,1072990.3884842487
2017-02-27,1070772.3906204384
2017-02-28,1070398.6381957151
2017-03-01,1070160.456618786
2017-03-02,1064560.0177845757
2017-03-03,1065564.539224608
2017-03-06,1062601.262769764
2017-03-07,1059486.4020637802
2017-03-08,1056671.197797536
2017-03-09,1054199.890885303
2017-03-10,1057026.6635389477
2017-03-13,1055800.9564610838
2017-03-14,1054753.7468856466
2017-03-15,1064602.54904211
2017-03-16,1063344.4171616808
2017-03-17,1065032.7182577837
2017-03-20,1067076.69245312
2017-03-21,1065759.1926643306
2017-03-22,1068897.9344693518
2017-03-23,1067580.1454246715
2017-03-24,1068838.9365264478
2017-03-27,1071254.1414270122
2017-03-28,1071015.0584069383
2017-03-29,1074116.7555645423
2017-03-30,1071685.8155572487
2017-03-31,1072419.9670183593
2017-04-03,1075783.5646930155
2017-04-04,1075294.3635651327
2017-04-05,1074914.6108922777
2017-04-06,1074510.2383982542
2017-04-07,1073152.4880940663
2017-04-10,1074560.7132196007
2017-04-11,1078835.1514039095
2017-04-12,1080212.7293972056
2017-04-13,1080356.1779835566
2017-04-17,1082037.4481547326
2017-04-18,1085597.5917336636
2017-04-19,1082393.725516412
2017-04-20,1084573.914561083
2017-04-21,1084644.0780434492
2017-04-24,1086099.8990685295
2017-04-25,1083312.5045260433
2017-04-26,1085361.750600575
2017-04-27,1086044.9814364458
2017-04-28,1087212.4844974554
2017-05-01,1085586.8423554206
2017-05-02,1087290.5371861039
2017-05-03,1083557.4600171424
2017-05-04,1080682.695696206
2017-05-05,1082646.653793703
2017-05-08,1081095.1759739486
2017-05-09,1080167.6034416044
2017-05-10,1080344.6621251144
2017-05-11,1080703.4704724457
2017-05-12,1083801.7132500994
2017-05-15,1085215.3966685038
2017-05-16,1087498.1457637427
2017-05-17,1087110.3572614654
2017-05-18,1087997.4941144083
2017-05-19,1091253.632669243
2017-05-22,1093689.8567945028
2017-05-23,1091344.0472486622
2017-05-24,1094822.3656816627
2017-05-25,1097202.5467615852
2017-05-26,1099513.2377684899
2017-05-30,1100330.3326419187
2017-05-31,1101515.7428039056
2017-06-01,1103723.864226056
2017-06-02,1110876.9945767003
2017-06-05,1109267.3237011505
2017-06-06,1111662.7632088147
2017-06-07,1110451.47265728
2017-06-08,1108696.7226856796
2017-06-09,1101523.3358727703
2017-06-12,1100109.7741682627
2017-06-13,1102766.940854324
2017-06-14,1104582.8724032012
2017-06-15,1101958.377409283
2017-06-16,1101783.6523273736
2017-06-19,1104062.986285143
2017-06-20,1103106.4932639748
2017-06-21,1105780.7601668292
2017-06-22,1106862.804709179
2017-06-23,1108652.9420660057
2017-06-26,1107093.0828776686
2017-06-27,1099923.8832995638
2017-06-28,1103628.632603189
2017-06-29,1095540.6638963434
2017-06-30,1094633.3363322425
2017-07-03,1088606.3762648827
2017-07-05,1091717.6677714582
2017-07-06,1086508.2753799385
2017-07-07,1086360.8163245376
2017-07-10,1088623.3159514423
2017-07-11,1089847.2308557471
2017-07-12,1095858.8976808088
2017-07-13,1094808.2683948793
2017-07-14,1099144.5258616868
2017-07-17,1100775.9882732378
2017-07-18,1105682.0180871186
2017-07-19,1107782.268721676
2017-07-20,1108941.7578129352
2017-07-21,1111484.2450163397
2017-07-24,1111452.5575590052
2017-07-25,1107243.9065709491
2017-07-26,1110352.4680817856
2017-07-27,1107622.691727051
2017-07-28,1110145.180235547
2017-07-31,1109599.8721123175
2017-08-01,1112104.3445792058
2017-08-02,1112155.536619524
2017-08-03,1113979.4726121803
2017-08-04,1111048.84432722
2017-08-07,1112722.2516808643
2017-08-08,1111662.0861815682
2017-08-09,1114850.0330065533
2017-08-10,1111893.9316312613
2017-08-11,1114981.3635204118
2017-08-14,1116309.5790134696
2017-08-15,1113546.6550055996
2017-08-16,1116689.2131361435
2017-08-17,1112953.6361702126
2017-08-18,1112212.8885382633
2017-08-21,1113434.7383561945
2017-08-22,1116237.373836238
2017-08-23,1117680.8131561866
2017-08-24,1114960.0856641487
2017-08-25,1116776.9024683349
2017-08-28,1120283.8927465202
2017-08-29,1121946.540190133
2017-08-30,1124754.4263022211
2017-08-31,1130916.8392042045
2017-09-01,1129241.7176939216
2017-09-05,1132711.9620993852
2017-09-06,1131326.353656889
2017-09-07,1136545.6186295853
2017-09-08,1133843.73803941
2017-09-11,1131834.7414317725
2017-09-12,1131935.8137016739
2017-09-13,1129687.1053180653
2017-09-14,1130171.3650780458
2017-09-15,1130407.2547470857
2017-09-18,1126861.436986596
2017-09-19,1127113.7090359814
2017-09-20,1124697.1809714085
2017-09-21,1121218.0135246806
2017-09-22,1122835.624543375
2017-09-25,1124257.229042544
2017-09-26,1122210.764535676
2017-09-27,1119021.2603726392
2017-09-28,1118965.1728293393
2017-09-29,1120141.354479279
2017-10-02,1119453.1322817872
2017-10-03,1120674.346395865
2017-10-04,1121915.5695158625
2017-10-05,1122537.2208696133
2017-10-06,1122635.6099966066
2017-10-09,1124435.3532090713
2017-10-10,1125976.727574838
2017-10-11,1127978.7340968763
2017-10-12,1128461.4501521809
2017-10-13,1132928.4622412939
2017-10-16,1131894.8014583248
2017-10-17,1131166.930703504
2017-10-18,1128620.3195160944
2017-10-19,1129721.7767219385
2017-10-20,1127094.1353412974
2017-10-23,1125936.0389140134
2017-10-24,1124079.023613612
2017-10-25,1121226.583430728
2017-10-26,1118421.2497112553
2017-10-27,1128132.9387218251
2017-10-30,1130765.6001709788
2017-10-31,1130873.637327498
2017-11-01,1132671.1817005796
2017-11-02,1133633.0872089881
2017-11-03,1135882.509027296
2017-11-06,1139476.6765698697
2017-11-07,1139545.1386870334
2017-11-08,1140613.5158264788
2017-11-09,1139067.035254766
2017-11-10,1133516.5630258487
2017-11-13,1134489.6395877546
2017-11-14,1135335.6189323773
2017-11-15,1135916.01917313
2017-11-16,1137795.6905117785
2017-11-17,1140317.1283588675
2017-11-20,1137632.4741020775
2017-11-21,1141818.6883299216
2017-11-22,1145011.2078279683
2017-11-24,1144978.2048301736
2017-11-27,1145445.9642677654
2017-11-28,1148144.747268862
2017-11-29,1140905.2086738306
2017-11-30,1141336.8617746767
2017-12-01,1144193.345616339
2017-12-04,1140995.384218036
2017-12-05,1140144.9408920242
2017-12-06,1141782.598990966
2017-12-07,1138690.0122181464
2017-12-08,1140413.876177378
2017-12-11,1141092.320110385
2017-12-12,1141159.6134538897
2017-12-13,1145539.2811580135
2017-12-14,1144905.8211061684
2017-12-15,1149631.5998084093
2017-12-18,1151136.1742988299
2017-12-19,1145933.2775290657
2017-12-20,1143470.1172254183
2017-12-21,1145384.3010033437
2017-12-22,1146377.8357340803
2017-12-26,1147036.8286782966
2017-12-27,1151257.272227768
2017-12-28,1152474.832649689
2017-12-29,1152462.0956360907
2018-01-02,1156693.2147214836
2018-01-03,1160384.8755030008
2018-01-04,1162310.5524010663
2018-01-05,1164538.9467404182
2018-01-08,1165400.4648265915
2018-01-09,1161339.608150312
2018-01-10,1160834.7579783383
2018-01-11,1165049.9094983798
2018-01-12,1170246.619847033
2018-01-16,1170225.838233347
2018-01-17,1171818.8708951452
2018-01-18,1168603.859504015
2018-01-19,1169500.1803461965
2018-01-22,1173529.1821869914
2018-01-23,1178046.3181743426
2018-01-24,1177577.386558866
2018-01-25,1178267.799555421
2018-01-26,1182236.0727569358
2018-01-29,1176914.2354749301
2018-01-30,1170835.845246768
2018-01-31,1174249.493939808
2018-02-01,1169050.424398487
2018-02-02,1155747.354292741
2018-02-05,1143990.7396300214
2018-02-06,1148526.0594746675
2018-02-07,1141563.3518891588
2018-02-08,1126358.7622067325
2018-02-09,1130693.0950697174
2018-02-12,1138342.5210744154
2018-02-13,1142024.3208093592
2018-02-14,1147772.1162576836
2018-02-15,1154576.6437891177
2018-02-16,1154680.9088219912
2018-02-20,1150176.7961570001
2018-02-21,1144883.712571395
2018-02-22,1146933.9089914213
2018-02-23,1156051.582406238
2018-02-26,1161601.8694991283
2018-02-27,1153700.4344361846
2018-02-28,1152021.449011782
2018-03-01,1148015.555268586
2018-03-02,1149408.3982311508
2018-03-05,1152637.7678504547
2018-03-06,1156109.9033524417
2018-03-07,1155035.133042038
2018-03-08,1158109.572066166
2018-03-09,1163556.9884806368
2018-03-12,1166005.3588737077
2018-03-13,1163803.0378049528
2018-03-14,1164704.3578980512
2018-03-15,1163031.3958730083
2018-03-16,1161183.7212360369
2018-03-19,1153988.2957990395
2018-03-20,1152862.4783915903
2018-03-21,1155459.726239816
2018-03-22,1147790.576757122
2018-03-23,1141183.0192163822
2018-03-26,1152912.2052511473
2018-03-27,1145374.3440216086
2018-03-28,1140437.0905882702
2018-03-29,1147768.207733779
2018-04-02,1140843.3663152107
2018-04-03,1141779.9840792962
2018-04-04,1146389.7292352694
2018-04-05,1146123.6393804736
2018-04-06,1140946.5400173923
2018-04-09,1144186.0828882358
2018-04-10,1151035.2442812184
2018-04-11,1151271.8125381984
2018-04-12,1150678.971300654
2018-04-13,1150940.03235286
2018-04-16,1154184.7745889632
2018-04-17,1161146.0774899607
2018-04-18,1159363.7521157607
2018-04-19,1154015.4185410345
2018-04-20,1145738.053768868
2018-04-23,1143534.708546712
2018-04-24,1136742.0321040195
2018-04-25,1134494.1767398072
2018-04-26,1141587.203515529
2018-04-27,1144514.6048909507
2018-04-30,1140769.6784163543
2018-05-01,1140852.6790496053
2018-05-02,1138251.1762286946
2018-05-03,1140244.213925133
2018-05-04,1146895.933277091
2018-05-07,1148769.9988369024
2018-05-08,1148129.8713399665
2018-05-09,1149970.589196798
2018-05-10,1156970.8768410606
2018-05-11,1157603.7619053605
2018-05-14,1155795.6618054505
2018-05-15,1145793.354897894
2018-05-16,1146423.5132720105
2018-05-17,1144599.0391664894
2018-05-18,1145677.1704846763
2018-05-21,1148515.552469622
2018-05-22,1147253.1217981162
2018-05-23,1152003.8151009262
2018-05-24,1155323.6645828227
2018-05-25,1156578.174139701
2018-05-29,1160263.5946707623
2018-05-30,1162128.4633884504
2018-05-31,1159882.4258189285
2018-06-01,1161933.8393196103
2018-06-04,1162149.3026266552
2018-06-05,1164712.8059900252
2018-06-06,1165136.0330468076
2018-06-07,1166314.9394472772
2018-06-08,1166238.2053022897
2018-06-11,1166747.661229184
2018-06-12,1167211.4387907032
2018-06-13,1166742.4145710736
2018-06-14,1171779.7262643802
2018-06-15,1168017.2826764886
2018-06-18,1167099.2332570613
2018-06-19,1167015.5360318483
2018-06-20,1165417.6231905005
2018-06-21,1163810.527189927
2018-06-22,1164245.884087993
2018-06-25,1157207.54075178
2018-06-26,1157769.6382672647
2018-06-27,1155078.815455809
2018-06-28,1157099.6604940095
2018-06-29,1157733.7924968083
2018-07-02,1157182.9887959932
2018-07-03,1157789.1831829944
2018-07-05,1162935.4132299246
2018-07-06,1168099.5483175342
2018-07-09,1170194.96888164
2018-07-10,1170486.2335454896
2018-07-11,1167154.6439632243
2018-07-12,1172927.1093516722
2018-07-13,1173247.5730366774
2018-07-16,1171318.4897051172
2018-07-17,1170664.3131563384
2018-07-18,1169795.0737719203
2018-07-19,1169099.244893023
2018-07-20,1167000.1830800937
2018-07-23,1163557.9768475813
2018-07-24,1166218.0531794757
2018-07-25,1171121.7570864002
2018-07-26,1165565.1220261245
2018-07-27,1162359.8909537944
2018-07-30,1157373.236667022
2018-07-31,1161674.4004661075
2018-08-01,1158637.0920035883
2018-08-02,1161875.1132259911
2018-08-03,1165450.280519786
2018-08-06,1166557.7703556542
2018-08-07,1166862.511703421
2018-08-08,1167950.492671182
2018-08-09,1169562.9530940012
2018-08-10,1169109.8626979773
2018-08-13,1164693.3233622795
2018-08-14,1166704.0948592827
2018-08-15,1161290.8356458964
2018-08-16,1163210.7134557986
2018-08-17,1166110.2676023436
2018-08-20,1169340.2822283332
2018-08-21,1170111.6663234588
2018-08-22,1172359.1830544812
2018-08-23,1170226.0923744906
2018-08-24,1177041.604824116
2018-08-27,1179675.4268394082
2018-08-28,1176794.967149889
2018-08-29,1181170.8915702219
2018-08-30,1179985.5072425199
2018-08-31,1179651.1606625286
2018-09-04,1175826.056740913
2018-09-05,1172884.024857089
2018-09-06,1172107.4553133284
2018-09-07,1167683.4528628066
2018-09-10,1169393.307577576
2018-09-11,1169336.6904996699
2018-09-12,1171126.2105661212
2018-09-13,1173948.103987166
2018-09-14,1170756.4720221153
2018-09-17,1167897.2225211263
2018-09-18,1167385.8126431878
2018-09-19,1166658.091972626
2018-09-20,1172018.0922128132
2018-09-21,1169377.994437688
2018-09-24,1168523.9824485292
2018-09-25,1168546.6749194467
2018-09-26,1169093.3886153388
2018-09-27,1169681.0508562906
2018-09-28,1170566.2574775992
2018-10-01,1169325.48870569
2018-10-02,1172770.426295917
2018-10-03,1167336.890394245
2018-10-04,1160212.2069228154
2018-10-05,1155135.021120596
2018-10-08,1151195.040042967
2018-10-09,1154003.9019844152
2018-10-10,1139260.5910352715
2018-10-11,1140618.6033240904
2018-10-12,1146663.4192996114
2018-10-15,1144632.3116320595
2018-10-16,1154245.3640447506
2018-10-17,1152638.0968192033
2018-10-18,1145946.9466226837
2018-10-19,1145051.7437115263
2018-10-22,1144418.2767547579
2018-10-23,1145072.6277198677
2018-10-24,1133460.457419103
2018-10-25,1141513.4122671878
2018-10-26,1135891.2327520668
2018-10-29,1129776.6445436815
2018-10-30,1133358.1866228043
2018-10-31,1137168.846885894
2018-11-01,1144521.9175367174
2018-11-02,1136744.912671706
2018-11-05,1137786.5909768562
2018-11-06,1139502.9396115197
2018-11-07,1149559.7659706736
2018-11-08,1147263.9962013487
2018-11-09,1142238.44658562
2018-11-12,1133375.4337166527
2018-11-13,1133304.424634835
2018-11-14,1132763.7813644405
2018-11-15,1138351.241209111
2018-11-16,1141391.116463273
2018-11-19,1132919.5842433583
2018-11-20,1125965.9908175012
2018-11-21,1128231.3192255269
2018-11-23,1125722.346440397
2018-11-26,1132253.8627053371
2018-11-27,1132816.783733831
2018-11-28,1142928.1197920912
2018-11-29,1143764.3107883423
2018-11-30,1147126.9107079685
2018-12-03,1156002.2761807719
2018-12-04,1147517.4966947082
2018-12-06,1149874.6263182098
2018-12-07,1141606.3910491802
2018-12-10,1144184.0815587658
2018-12-11,1143933.0084550441
2018-12-12,1145570.7126203997
2018-12-13,1144985.1662799872
2018-12-14,1137033.788069397
2018-12-17,1132078.1472930529
2018-12-18,1135203.6889751065
2018-12-19,1129677.7668533956
2018-12-20,1125773.80392203
2018-12-21,1115429.7647266374
2018-12-24,1109353.30777314
2018-12-26,1126062.9190945497
2018-12-27,1130351.9767738334
2018-12-28,1133642.5510097726
2018-12-31,1138666.0966262699
2019-01-02,1141169.7456438332
2019-01-03,1136019.2749158794
2019-01-04,1144505.5768736033
2019-01-07,1147689.1093589528
2019-01-08,1149585.4081438447
2019-01-09,1153161.8852664793
2019-01-10,1151942.9432154845
2019-01-11,1153079.2706851512
2019-01-14,1149827.3820944158
2019-01-15,1154570.8034878671
2019-01-16,1155650.3409814194
2019-01-17,1158039.0424847072
2019-01-18,1158971.1231471847
2019-01-22,1155257.4844208336
2019-01-23,1155420.830653285
2019-01-24,1158497.2131480554
2019-01-25,1163708.1978172844
2019-01-28,1160381.5619860422
2019-01-29,1160997.2042027689
2019-01-30,1170557.6919565108
2019-01-31,1177984.512680746
2019-02-01,1174381.7271183978
2019-02-04,1176010.9581866001
2019-02-05,1180295.3488530393
2019-02-06,1178457.033519236
2019-02-07,1176472.0275344613
2019-02-08,1179006.9395625778
2019-02-11,1176818.2710992221
2019-02-12,1181829.4010170256
2019-02-13,1180445.7409101555
2019-02-14,1183648.4050779454
2019-02-15,1187812.029294526
2019-02-19,1192521.8691549532
2019-02-20,1191910.7173113949
2019-02-21,1185771.9021832363
2019-02-22,1191062.5176619918
2019-02-25,1190932.4924408898
2019-02-26,1192991.6564840896
2019-02-27,1188349.5961550227
2019-02-28,1185172.6326176405
2019-03-01,1181759.7276924879
2019-03-04,1182750.668946731
2019-03-05,1183437.455208871
2019-03-06,1182352.9025135834
2019-03-07,1180201.0790982784
2019-03-08,1182829.6518337114
2019-03-11,1187978.1116334917
2019-03-12,1193005.5922553441
2019-03-13,1196764.3885679643
2019-03-14,1192297.9536856245
2019-03-15,1198026.2160779878
2019-03-18,1198908.7829756225
2019-03-19,1199579.5829669845
2019-03-20,1204813.7307174837
2019-03-21,1209719.7549261162
2019-03-22,1206724.49863164
2019-03-25,1208772.340920817
2019-03-26,1209863.2202292883
2019-03-27,1209050.3917022385
2019-03-28,1208100.9386035996
2019-03-29,1210435.53017086
2019-04-01,1210188.8821294727
2019-04-02,1212608.156995427
2019-04-03,1211298.9254108928
2019-04-04,1213099.635232804
2019-04-05,1215235.8290958777
2019-04-08,1215689.2304295758
2019-04-09,1216018.1495059493
2019-04-10,1219555.0033275678
2019-04-11,1214619.769290259
2019-04-12,1214151.2243895398
2019-04-15,1214472.578212227
2019-04-16,1211490.5239432391
2019-04-17,1211506.0357498168
2019-04-18,1213895.1563549922
2019-04-22,1213403.1415879163
2019-04-23,1218239.7198692092
2019-04-24,1220278.1954224706
2019-04-25,1220598.8791794246
2019-04-26,1224518.361124885
2019-04-29,1222520.3473390976
2019-04-30,1223253.0984810563
2019-05-01,1220274.3203998902
2019-05-02,1216525.4215816082
2019-05-03,1223821.7155828027
2019-05-06,1223201.2485024794
2019-05-07,1218777.4525907403
2019-05-08,1216191.0762798202
2019-05-09,1216453.418159421
2019-05-10,1217744.332343422
2019-05-13,1210313.4034206895
2019-05-14,1213201.8735573376
2019-05-15,1219129.6561137096
2019-05-16,1220370.294844593
2019-05-17,1216113.1766131832
2019-05-20,1210443.8865026915
2019-05-21,1213237.8783685905
2019-05-22,1213371.1352723541
2019-05-23,1213174.559943255
2019-05-24,1213792.992672483
2019-05-28,1212858.096516856
2019-05-29,1210454.9446891325
2019-05-30,1215838.7201500332
2019-05-31,1216840.4476822994
2019-06-03,1217422.3411076416
2019-06-04,1224263.2064242405
2019-06-05,1226995.3250188846
2019-06-06,1231106.285939967
2019-06-07,1241023.4946761583
2019-06-10,1239121.340191393
2019-06-11,1239158.8019456966
2019-06-12,1239527.099273638
2019-06-13,1244299.3141112446
2019-06-14,1243720.0043290658
2019-06-17,1245139.0862683842
2019-06-18,1252802.3519140773
2019-06-19,1256631.3499119363
2019-06-20,1266763.7921607746
2019-06-21,1264242.0319094122
2019-06-24,1269516.2659562402
2019-06-25,1265208.3837228706
2019-06-26,1261568.4383371
2019-06-27,1265191.110101593
2019-06-28,1267068.304749386
2019-07-01,1266782.246058703
2019-07-02,1275124.9573348104
2019-07-03,1280725.7706173137
2019-07-05,1273015.7980944791
2019-07-08,1268958.834844923
2019-07-09,1270728.3860915094
2019-07-10,1276478.0865617779
2019-07-11,1271005.330393239
2019-07-12,1274993.4466467353
2019-07-15,1277462.2457045172
2019-07-16,1272686.6634537636
2019-07-17,1277125.316068899
2019-07-18,1281922.2315942699
2019-07-19,1274871.7357942904
2019-07-22,1277570.6776950255
2019-07-23,1277704.1729292967
2019-07-24,1282556.8145448817
2019-07-25,1276459.0412872015
2019-07-26,1280897.6651843132
2019-07-29,1281451.8082417569
2019-07-30,1281358.0274519462
2019-07-31,1275445.6811658638
2019-08-01,1284754.5610449424
2019-08-02,1281605.9717654744
2019-08-05,1276291.7477671627
2019-08-06,1286067.9774816884
2019-08-07,1290682.728354461
2019-08-08,1300977.806972756
2019-08-09,1295837.550110798
2019-08-12,1298833.6131175188
2019-08-13,1303805.9339768945
2019-08-14,1298740.0207609
2019-08-15,1304722.5169217973
2019-08-16,1307625.584303171
2019-08-19,1306701.8018325209
2019-08-20,1308379.579643294
2019-08-21,1309142.3497561843
2019-08-22,1305775.1886186744
2019-08-23,1302700.1908598219
2019-08-26,1307181.2696362995
2019-08-27,1312285.2833263297
2019-08-28,1314393.856372068
2019-08-29,1317565.9831789592
2019-08-30,1316572.390950131
2019-09-03,1317112.2207802022
2019-09-04,1324956.9455042928
2019-09-05,1320106.633353351
2019-09-06,1319896.6709557625
2019-09-09,1313185.984697261
2019-09-10,1304792.8743939458
2019-09-11,1309080.0505393522
2019-09-12,1309213.6824715387
2019-09-13,1299397.032957298
2019-09-16,1303418.4630412075
2019-09-17,1307282.7085155542
2019-09-18,1306820.8750353241
2019-09-19,1308826.5375253928
2019-09-20,1312381.766657454
2019-09-23,1314042.8512103043
2019-09-24,1314491.583329098
2019-09-25,1309172.4936598502
2019-09-26,1309820.2752185399
2019-09-27,1305764.0916393322
2019-09-30,1306236.9834782875
2019-10-01,1304537.6568666678
2019-10-02,1300928.135567387
2019-10-03,1309601.5271932338
2019-10-04,1317728.2172317726
2019-10-07,1311438.6987970436
2019-10-08,1307800.888879965
2019-10-09,1310258.1884377953
2019-10-10,1306594.3023868722
2019-10-11,1306006.295890528
2019-10-14,1308812.9019554772
2019-10-15,1308435.4280321167
2019-10-16,1309586.9926705342
2019-10-17,1310506.9844516735
2019-10-18,1307479.066209528
2019-10-21,1307285.6630061038
2019-10-22,1307323.42888111
2019-10-23,1309159.8765515662
2019-10-24,1312697.9521864057
2019-10-25,1314171.3398924384
2019-10-28,1312755.8423632209
2019-10-29,1310774.276888895
2019-10-30,1318055.9330064447
2019-10-31,1324478.577572586
2019-11-01,1327483.6057893422
2019-11-04,1324882.2424154754
2019-11-05,1317312.5614824945
2019-11-06,1319895.1269118146
2019-11-07,1311913.9535770689
2019-11-08,1310734.2045637062
2019-11-11,1309932.924645277
2019-11-12,1312735.4799755497
2019-11-13,1315846.5766480342
2019-11-14,1320478.667245131
2019-11-15,1322624.8870012683
2019-11-18,1324493.945008023
2019-11-19,1327089.2222546404
2019-11-20,1328238.5820617494
2019-11-21,1324124.369690787
2019-11-22,1324559.2880813035
2019-11-25,1328572.9210009663
2019-11-26,1332370.6187050946
2019-11-27,1332371.8150234923
2019-11-29,1331330.4189604104
2019-12-02,1323196.4292590232
2019-12-03,1328927.7407147672
2019-12-04,1327926.963692967
2019-12-05,1327188.8434921945
2019-12-06,1327364.3232098229
2019-12-09,1326255.9626948661
2019-12-10,1326103.3012240394
2019-12-11,1332242.2023640405
2019-12-12,1329358.2373591647
2019-12-13,1335319.1617832775
2019-12-16,1335864.8785515088
2019-12-17,1335758.8561443423
2019-12-18,1333544.9691110167
2019-12-19,1336987.4587363515
2019-12-20,1339376.0632611674
2019-12-23,1340410.2978318848
2019-12-24,1343679.5709913194
2019-12-26,1349532.257751984
2019-12-27,1349938.7932282372
2019-12-30,1346805.74328273
2019-12-31,1345148.8030116037
2020-01-02,1356247.8461736164
2020-01-03,1360576.1774453465
2020-01-06,1363646.4233252131
2020-01-07,1362420.6960226302
2020-01-08,1361473.167869064
2020-01-09,1364620.734299323
2020-01-10,1367307.377439525
2020-01-13,1368800.4787295235
2020-01-14,1368997.4630381204
2020-01-15,1373122.0698466464
2020-01-16,1375647.1287288165
2020-01-17,1375841.521674999
2020-01-21,1378894.7956949736
2020-01-22,1380508.696674879
2020-01-23,1384290.4144463488
2020-01-24,1384386.8292176365
2020-01-27,1382772.2793878114
2020-01-28,1383925.7215278023
2020-01-29,1388919.1929813179
2020-01-30,1390791.9012657471
2020-01-31,1387745.30861443
2020-02-03,1390966.015419459
2020-02-04,1391945.6798654092
2020-02-05,1391936.3444479243
2020-02-06,1397218.8694816858
2020-02-07,1399724.0572054868
2020-02-10,1406068.6374606607
2020-02-11,1403853.796158479
2020-02-12,1405535.5343069085
2020-02-13,1407475.0584332214
2020-02-14,1411214.8761120471
2020-02-18,1415756.0508110733
2020-02-19,1420474.3483818618
2020-02-20,1420847.3854949153
2020-02-21,1420686.5997143304
2020-02-24,1411242.0859899845
2020-02-25,1395428.366331374
2020-02-26,1395588.8493516627
2020-02-27,1376905.3800270427
2020-02-28,1376100.7754877615
2020-03-02,1396683.9826673383
2020-03-03,1396738.0614435477
2020-03-04,1413276.7416021174
2020-03-05,1411448.3438022363
2020-03-06,1418197.947541983
2020-03-09,1392068.082735039
2020-03-10,1393599.9814038593
2020-03-11,1359513.3887537944
2020-03-12,1307174.1410953468
2020-03-13,1329879.3973189073
2020-03-16,1293409.1893338144
2020-03-17,1302556.653627485
2020-03-18,1264284.7970323153
2020-03-19,1268688.468859878
2020-03-20,1275284.2582497823
2020-03-23,1290451.1173245127
2020-03-24,1329530.9022356006
2020-03-25,1328004.1266763783
2020-03-26,1356621.009884118
2020-03-27,1347978.454819117
2020-03-30,1362938.6029980343
2020-03-31,1348735.083409603
2020-04-01,1334925.8091689057
2020-04-02,1349584.7558731476
2020-04-03,1344851.010298991
2020-04-06,1379271.7083325693
2020-04-07,1374680.0496116655
2020-04-08,1383183.0731385595
2020-04-09,1393936.9478161037
2020-04-13,1395647.1461492716
2020-04-14,1414385.3099159629
2020-04-15,1413738.7634926145
2020-04-16,1421894.2606412647
2020-04-17,1421918.5328680975
2020-04-20,1419086.1108239559
2020-04-21,1404953.483796507
2020-04-22,1418288.6610358162
2020-04-23,1421487.8040281541
2020-04-24,1428070.6213426746
2020-04-27,1426056.7759922133
2020-04-28,1423217.6271518965
2020-04-29,1437543.8027508191
2020-04-30,1427853.696735768
2020-05-01,1418135.5621847971
2020-05-04,1421277.407564437
2020-05-05,1425405.1712239555
2020-05-06,1417510.598989022
2020-05-07,1432482.1581517996
2020-05-08,1434246.889948793
2020-05-11,1432302.842441255
2020-05-12,1426651.6605832335
2020-05-13,1423837.3557043243
2020-05-14,1434056.4378658023
2020-05-15,1437409.8751871663
2020-05-18,1440211.7984382138
2020-05-19,1441143.8509342882
2020-05-20,1451285.6930183603
2020-05-21,1444116.3558138967
2020-05-22,1448720.5370709063
2020-05-26,1443673.272331915
2020-05-27,1448669.8017866223
2020-05-28,1447719.6344831912
2020-05-29,1456560.973890761
2020-06-01,1457618.6704742939
2020-06-02,1458383.5589782665
2020-06-03,1453267.2581188122
2020-06-04,1449021.271529586
2020-06-05,1451910.4333106496
2020-06-08,1460427.8446132673
2020-06-09,1466403.8604994959
2020-06-10,1476987.6572484663
2020-06-11,1453446.0974635782
2020-06-12,1455789.442171127
2020-06-15,1460423.7098236447
2020-06-16,1464797.2514243983
2020-06-17,1466492.869520274
2020-06-18,1469856.5536409975
2020-06-19,1471433.9136728307
2020-06-22,1477256.6289119404
2020-06-23,1480825.7607961297
2020-06-24,1471574.4271644903
2020-06-25,1477111.9801248054
2020-06-26,1469780.5490720416
2020-06-29,1475669.785051947
2020-06-30,1482994.948906554
2020-07-01,1485528.9222282874
2020-07-02,1489774.9886046317
2020-07-06,1499619.285250317
2020-07-07,1501219.5689472354
2020-07-08,1506557.677404075
2020-07-09,1511377.8929144524
2020-07-10,1513144.900274801
2020-07-13,1507123.9208758294
2020-07-14,1513668.108166628
2020-07-15,1515476.6596056565
2020-07-16,1511898.8009383038
2020-07-17,1514454.9956170917
2020-07-20,1525488.8847468921
2020-07-21,1526892.71032991
2020-07-22,1533884.9711187955
2020-07-23,1529515.948336219
2020-07-24,1527503.671237786
2020-07-27,1537405.4033392684
2020-07-28,1537055.5220678875
2020-07-29,1544996.7590087755
2020-07-30,1545645.184219468
2020-07-31,1554486.9255519817
2020-08-03,1558616.6328459613
2020-08-04,1569432.6811028274
2020-08-05,1570886.110756645
2020-08-06,1581284.9762818676
2020-08-07,1571842.5541174277
2020-08-10,1569081.597252632
2020-08-11,1543394.2663907083
2020-08-12,1548971.6088653945
2020-08-13,1551783.7725002512
2020-08-14,1549515.93977044
2020-08-17,1559961.9548151868
2020-08-18,1567676.5388748923
2020-08-19,1554460.395908717
2020-08-20,1563695.522965945
2020-08-21,1566041.2343971534
2020-08-24,1567997.9672779476
2020-08-25,1568675.1864357612
2020-08-26,1578763.3127969832
2020-08-27,1569979.9308181743
2020-08-28,1577828.0335760468
2020-08-31,1581717.7919171231
2020-09-01,1592767.2345720434
2020-09-02,1598488.6125701177
2020-09-03,1574202.9687419794
2020-09-04,1562670.0243954002
2020-09-08,1544306.2156314708
2020-09-09,1558488.2901649624
2020-09-10,1549475.9594223402
2020-09-11,1548806.993427584
2020-09-14,1558392.6548881752
2020-09-15,1562004.4666177558
2020-09-16,1556623.2216493466
2020-09-17,1549635.1123607403
2020-09-18,1542657.872114115
2020-09-21,1536915.1428449634
2020-09-22,1542838.2348747447
2020-09-23,1523557.9970954603
2020-09-24,1527422.3662451496
2020-09-25,1536867.2408846908
2020-09-28,1548173.624059815
2020-09-29,1548223.1098996142
2020-09-30,1547225.8094659003
2020-10-01,1555738.4864655617
2020-10-02,1544438.419066416
2020-10-05,1548843.5942075273
2020-10-06,1539429.3197710286
2020-10-07,1545492.0794352076
2020-10-08,1551902.0853226676
2020-10-09,1562602.5489478295
2020-10-12,1575096.3052769545
2020-10-13,1571633.9105046254
2020-10-14,1569279.8810814943
2020-10-15,1567475.5709232814
2020-10-16,1564066.5912946912
2020-10-19,1554496.2086242496
2020-10-20,1554269.921433879
2020-10-21,1554282.8159618196
2020-10-22,1549438.4204273866
2020-10-23,1552516.5090102663
2020-10-26,1546762.6563268332
2020-10-27,1550855.233006116
2020-10-28,1527600.495756258
2020-10-29,1530030.8969176118
2020-10-30,1518583.1907447097
2020-11-02,1526731.8323898977
2020-11-03,1534877.858354141
2020-11-04,1559254.9246908203
2020-11-05,1577216.7261775236
2020-11-06,1573667.8543828435
2020-11-09,1552046.0879837086
2020-11-10,1545583.2423602685
2020-11-11,1553350.2204128993
2020-11-12,1557041.0450867913
2020-11-13,1563949.3352230785
2020-11-16,1568431.8619117388
2020-11-17,1567576.1913694977
2020-11-18,1561644.2526175159
2020-11-19,1565954.9647133846
2020-11-20,1565948.9070346588
2020-11-23,1560607.5883852753
2020-11-24,1561393.8450800257
2020-11-25,1561778.604285383
2020-11-27,1565528.4924056788
2020-11-30,1562716.1178620164
2020-12-01,1568894.4798987063
2020-12-02,1569278.6885818
2020-12-03,1574489.5406556102
2020-12-04,1572124.1746721168
2020-12-07,1580168.7313529577
2020-12-08,1584189.5311178279
2020-12-09,1569932.1347429613
2020-12-10,1573353.8140468749
2020-12-11,1574554.1352328626
2020-12-14,1572912.8315186272
2020-12-15,1581721.9725960654
2020-12-16,1584109.6592435478
2020-12-17,1589180.0583059904
2020-12-18,1585821.4534173415
2020-12-21,1584762.404013682
2020-12-22,1584739.2781661511
2020-12-23,1583071.582937613
2020-12-24,1587662.6890787825
2020-12-28,1591788.4826402834
2020-12-29,1592101.9644490532
2020-12-30,1595293.6223826443
2020-12-31,1598814.879169323
2021-01-04,1597015.357009885
2021-01-05,1599208.749252868
2021-01-06,1585468.8949787586
2021-01-07,1591852.8139787088
2021-01-08,1585864.1860780683
2021-01-11,1578728.1661321942
2021-01-12,1579809.0417973502
2021-01-13,1584984.4786577018
2021-01-14,1579445.1895117485
2021-01-15,1573923.4209489326
2021-01-19,1583079.5421482578
2021-01-20,1597374.5380209608
2021-01-21,1597345.0699091665
2021-01-22,1594793.780783841
2021-01-25,1602476.024783047
2021-01-26,1601163.4212837636
2021-01-27,1586310.868639259
2021-01-28,1588194.657903151
2021-01-29,1575132.7876933317
2021-02-01,1589060.097061463
2021-02-02,1591346.9680245284
2021-02-03,1587116.9529679841
2021-02-04,1586661.3219606925
2021-02-05,1588470.6361997586
2021-02-08,1596037.6968729168
2021-02-09,1597009.937247504
2021-02-10,1599731.3679992335
2021-02-11,1597631.4931535872
2021-02-12,1595440.8147251804
2021-02-16,1584547.584670769
2021-02-17,1582236.180858903
2021-02-18,1578848.247272301
2021-02-19,1573772.5316306252
2021-02-22,1566264.3028683332
2021-02-23,1564679.7939596327
2021-02-24,1567358.1575149095
2021-02-25,1538554.4895590374
2021-02-26,1542982.7799538984
2021-03-01,1552586.5724979884
2021-03-02,1548329.4477816098
2021-03-03,1530079.868445589
2021-03-04,1517259.5570371079
2021-03-05,1525947.080246067
2021-03-08,1511646.3247421694
2021-03-09,1534924.9478298726
2021-03-10,1538218.747912529
2021-03-11,1544475.2369065983
2021-03-12,1535256.425456333
2021-03-15,1542463.5482726756
2021-03-16,1542703.6584552703
2021-03-17,1544165.4187349726
2021-03-18,1526627.682957322
2021-03-19,1529528.4240418954
2021-03-22,1539561.443372457
2021-03-23,1538131.414336341
2021-03-24,1535122.8261195826
2021-03-25,1532851.2429244057
2021-03-26,1539715.3119897307
2021-03-29,1533311.8031509412
2021-03-30,1528047.4986720353
2021-03-31,1534905.0220308136
2021-04-01,1550526.1794444963
2021-04-05,1557301.1733706226
2021-04-06,1562119.8713135594
2021-04-07,1560365.3028367502
2021-04-08,1570197.8606866805
2021-04-09,1569963.2272358797
2021-04-12,1567789.3835252116
2021-04-13,1576560.9346650871
2021-04-14,1570184.8474740952
2021-04-15,1587189.9053602736
2021-04-16,1587167.1164250525
2021-04-19,1581630.216730604
2021-04-20,1580758.044204511
2021-04-21,1588810.7789720476
2021-04-22,1582777.7641696995
2021-04-23,1586882.6782968936
2021-04-26,1589132.6558928855
2021-04-27,1583862.9686801848
2021-04-28,1584248.7760770714
2021-04-29,1584597.5690875296
2021-04-30,1581101.0382188978
2021-05-03,1584241.6852308766
2021-05-04,1578002.8402173617
2021-05-05,1579102.9918434531
2021-05-06,1588074.0667622047
2021-05-07,1593379.2131817488
2021-05-10,1581417.767680638
2021-05-11,1576771.3584418006
2021-05-12,1557536.16334764
2021-05-13,1565028.7049213403
2021-05-14,1580066.1155053957
2021-05-17,1580028.5342950607
2021-05-18,1575834.0474572137
2021-05-19,1574114.398909671
2021-05-20,1586497.4409967891
2021-05-21,1585811.272362657
2021-05-24,1594658.3196811816
2021-05-25,1600261.2113634327
2021-05-26,1600552.5341574433
2021-05-27,1598256.7779636185
2021-05-28,1600127.818353995
2021-06-01,1598121.8311813748
2021-06-02,1601308.9362617272
2021-06-03,1590474.1496346293
2021-06-04,1605348.1918095378
2021-06-07,1605890.1749271578
2021-06-08,1607950.7224969473
2021-06-09,1610231.0368108961
2021-06-10,1618058.1379481237
2021-06-11,1615261.788807605
2021-06-14,1613845.5922190447
2021-06-15,1610262.9285691876
2021-06-16,1600883.2318404543
2021-06-17,1600749.5237206714
2021-06-18,1599799.0513009394
2021-06-21,1603191.2638632795
2021-06-22,1607266.2961508865
2021-06-23,1605485.0093248363
2021-06-24,1608965.0524045604
2021-06-25,1607083.4936329112
2021-06-28,1614515.3717220575
2021-06-29,1613348.9323476425
2021-06-30,1616129.0531466717
2021-07-01,1618416.1286378677
2021-07-02,1628040.6085366302
2021-07-06,1634741.6100806582
2021-07-07,1640541.732804612
2021-07-08,1638367.9919548421
2021-07-09,1638529.7733919667
2021-07-12,1639673.034432988
2021-07-13,1635926.8520267885
2021-07-14,1644181.897732142
2021-07-15,1645549.2880598684
2021-07-16,1637888.4207203123
2021-07-19,1640275.2359377642
2021-07-20,1644098.3514651938
2021-07-21,1642219.9709413196
2021-07-22,1648367.3852667203
2021-07-23,1651273.252706534
2021-07-26,1650442.3298389046
2021-07-27,1650751.24214534
2021-07-28,1653362.2004001823
2021-07-29,1655658.7458658987
2021-07-30,1652821.9218594455
2021-08-02,1655679.3285928597
2021-08-03,1659603.980624654
2021-08-04,1659106.4497928233
2021-08-05,1658956.0352222424
2021-08-06,1644822.1854757096
2021-08-09,1638532.8642968698
2021-08-10,1635679.2958655145
2021-08-11,1639882.5758146988
2021-08-12,1641020.979959071
2021-08-13,1652252.7349967856
2021-08-16,1655730.4332632397
2021-08-17,1650745.13160693
2021-08-18,1646052.6244558436
2021-08-19,1649613.878694291
2021-08-20,1654700.0119689282
2021-08-23,1664434.8864526635
2021-08-24,1662635.2907297926
2021-08-25,1658172.190551949
2021-08-26,1655853.222628864
2021-08-27,1668056.145460025
2021-08-30,1672337.1998081827
2021-08-31,1669796.5932332762
2021-09-01,1670984.0468693664
2021-09-02,1672514.232528088
2021-09-03,1673054.8127832492
2021-09-07,1663377.5688978052
2021-09-08,1664082.9468936648
2021-09-09,1667343.7039211602
2021-09-10,1658181.3977963033
2021-09-13,1661687.158511065
2021-09-14,1665586.8548001295
2021-09-15,1666870.7853773865
2021-09-16,1658007.4694050145
2021-09-17,1649371.8844591342
2021-09-20,1645807.7477666466
2021-09-21,1647372.6165722671
2021-09-22,1653295.0128601661
2021-09-23,1646990.027867427
2021-09-24,1643725.9048135912
2021-09-27,1639539.8694421002
2021-09-28,1618162.7688224188
2021-09-29,1617798.7599709565
2021-09-30,1618647.8072699883
2021-10-01,1627598.1264918305
2021-10-04,1618442.8344201953
2021-10-05,1620101.8608629643
2021-10-06,1625225.3265468187
2021-10-07,1624572.9036984332
2021-10-08,1620253.497704834
2021-10-11,1614134.691202584
2021-10-12,1619652.7309987384
2021-10-13,1630572.4456551082
2021-10-14,1642374.8805130352
2021-10-15,1638668.7235742293
2021-10-18,1642235.7552910189
2021-10-19,1642592.0115097465
2021-10-20,1643817.7773422292
2021-10-21,1644585.6387995265
2021-10-22,1647296.807098694
2021-10-25,1653498.8937578495
2021-10-26,1655109.8108656514
2021-10-27,1661698.1099994432
2021-10-28,1665719.5305027629
2021-10-29,1666273.0937107333
2021-11-01,1666989.491966538
2021-11-02,1670872.0126382334
2021-11-03,1669350.2705939317
2021-11-04,1682010.824461196
2021-11-05,1692709.9897345384
2021-11-08,1691500.2918170877
2021-11-09,1695109.9745295653
2021-11-10,1683496.8423450943
2021-11-11,1684412.5575387995
2021-11-12,1689575.333708799
2021-11-15,1684472.3830910726
2021-11-16,1684574.1326349948
2021-11-17,1689915.1105864155
2021-11-18,1694064.5359742052
2021-11-19,1696624.541285481
2021-11-22,1680371.97204002
2021-11-23,1671793.8667540252
2021-11-24,1678396.785384273
2021-11-26,1677403.1296780861
2021-11-29,1683671.5560524235
2021-11-30,1677795.1494984883
2021-12-01,1673265.156250776
2021-12-02,1677346.1233932823
2021-12-03,1677458.4342649747
2021-12-06,1676800.8254470031
2021-12-07,1688113.6508690023
2021-12-08,1684554.4037858676
2021-12-09,1678944.4204953243
2021-12-10,1685419.0965614854
2021-12-13,1685160.6240700318
2021-12-14,1676344.2913395083
2021-12-15,1685156.080322165
2021-12-16,1679877.8381421356
2021-12-17,1678533.9926796441
2021-12-20,1669350.377589693
2021-12-21,1677959.077766001
2021-12-22,1688267.9176652506
2021-12-23,1689690.0560662772
2021-12-27,1699610.5793323999
2021-12-28,1695665.5880572086
2021-12-29,1691314.0445673238
2021-12-30,1695156.8499873371
2021-12-31,1694798.6826181544
2022-01-03,1684271.8888194822
2022-01-04,1681420.0656748372
2022-01-05,1663328.1976875868
2022-01-06,1659261.7419236912
2022-01-07,1653443.833857365
2022-01-10,1654560.9082644267
2022-01-11,1667067.5150040449
2022-01-12,1668535.5442718077
2022-01-13,1660159.455453815
2022-01-14,1654710.9251490643
2022-01-18,1635954.7553259472
2022-01-19,1637061.0568391092
2022-01-20,1631971.95374157
2022-01-21,1623055.75273599
2022-01-24,1624607.364623623
2022-01-25,1614869.5895824223
2022-01-26,1603717.6438882807
2022-01-27,1601983.6700715784
2022-01-28,1616787.4463129018
2022-01-31,1630274.613286028
2022-02-01,1632879.7619779473
2022-02-02,1640239.1571368533
2022-02-03,1618497.1759179826
2022-02-04,1616934.5644616452
2022-02-07,1616190.005119784
2022-02-08,1619262.4188129394
2022-02-09,1630598.9852898882
2022-02-10,1610170.1843572957
2022-02-11,1608784.6697980303
2022-02-14,1603876.5262563266
2022-02-15,1608409.359437544
2022-02-16,1613877.9415630759
2022-02-17,1607187.5360534973
2022-02-18,1605883.39419025
2022-02-22,1601270.9380059144
2022-02-23,1585512.14435517
2022-02-24,1597496.79424215
2022-02-25,1606638.8214738742
2022-02-28,1618818.182420385
2022-03-01,1621708.9946751443
2022-03-02,1613917.633806501
2022-03-03,1614183.987242661
2022-03-04,1619860.9554265372
2022-03-07,1602051.8588699873
2022-03-08,1601197.1155903516
2022-03-09,1605207.9004409239
2022-03-10,1596518.4748406368
2022-03-11,1586382.7686524615
2022-03-14,1564992.4017334254
2022-03-15,1573314.6308911247
2022-03-16,1592199.7285487347
2022-03-17,1597394.4314610118
2022-03-18,1607288.7992250242
2022-03-21,1597820.987978427
2022-03-22,1599075.2153403135
2022-03-23,1603165.5551198137
2022-03-24,1611313.4127658333
2022-03-25,1604033.2357333659
2022-03-28,1607744.6436734519
2022-03-29,1619208.3622760978
2022-03-30,1620050.24692084
2022-03-31,1613757.3178933852
2022-04-01,1610990.967095117
2022-04-04,1618163.899892945
2022-04-05,1597102.2599090803
2022-04-06,1586299.567098615
2022-04-07,1586790.9042423097
2022-04-08,1579471.1849363474
2022-04-11,1564530.1467871887
2022-04-12,1566005.3471843447
2022-04-13,1576707.9893323155
2022-04-14,1558294.851901664
2022-04-18,1557356.2475456505
2022-04-19,1559035.3587718792
2022-04-20,1563648.9996900198
2022-04-21,1549527.3494056608
2022-04-22,1531399.1161756038
2022-04-25,1536078.0067453175
2022-04-26,1523823.2673972505
2022-04-27,1517485.8870473632
2022-04-28,1533810.014521411
2022-04-29,1507190.0479002541
2022-05-02,1501866.9267180916
2022-05-03,1505796.734526974
2022-05-04,1527786.6727726113
2022-05-05,1494370.671015078
2022-05-06,1485137.3525056003
2022-05-09,1468216.9787407408
2022-05-10,1472539.2328763786
2022-05-11,1469439.2292700084
2022-05-12,1465524.2603300803
2022-05-13,1473187.3062957823
2022-05-16,1472577.2826643034
2022-05-17,1476924.4070271214
2022-05-18,1461598.1857835767
2022-05-19,1464154.9650706653
2022-05-20,1467732.891156721
2022-05-23,1471771.8577221225
2022-05-24,1473917.270419569
2022-05-25,1479647.6827115882
2022-05-26,1489632.5949304458
2022-05-27,1504778.7944332284
2022-05-31,1491820.7855208588
2022-06-01,1487383.0364508992
2022-06-02,1502339.5806935865
2022-06-03,1487922.6156385387
2022-06-06,1481593.3737564178
2022-06-07,1491350.7221022784
2022-06-08,1483290.6040836775
2022-06-09,1470264.4161074895
2022-06-10,1452538.1206562154
2022-06-13,1411866.8190772613
2022-06-14,1404360.5204544994
2022-06-15,1424964.7807506179
2022-06-16,1413587.8009808417
2022-06-17,1415768.6057692545
2022-06-21,1421282.9969919485
2022-06-22,1431540.807362597
2022-06-23,1439426.0134356779
2022-06-24,1450522.9343320967
2022-06-27,1443848.2752914575
2022-06-28,1432409.0098808878
2022-06-29,1438149.2198844694
2022-06-30,1436135.3376960775
2022-07-01,1445745.938193312
2022-07-05,1447867.2541403854
2022-07-06,1439555.329776317
2022-07-07,1444564.6716722066
2022-07-08,1440333.0819654393
2022-07-11,1437176.6304960807
2022-07-12,1433920.4715126848
2022-07-13,1436797.9901076513
2022-07-14,1430303.6522230203
2022-07-15,1440945.6938311278
2022-07-18,1433777.098147149
2022-07-19,1445303.9001585618
2022-07-20,1448713.9762820324
2022-07-21,1465527.1522793183
2022-07-22,1467011.2828521864
2022-07-25,1461760.7198188633
2022-07-26,1453900.0976725044
2022-07-27,1472101.7308395517
2022-07-28,1485412.2807894738
2022-07-29,1493555.4624501579
2022-08-01,1501443.3495351519
2022-08-02,1487837.2613690984
2022-08-03,1503942.5481558526
2022-08-04,1510571.0269874332
2022-08-05,1494463.8542720587
2022-08-08,1501161.317403177
2022-08-09,1496119.7567033235
2022-08-10,1506291.7224423054
2022-08-11,1496515.1764703542
2022-08-12,1511361.1430230893
2022-08-15,1511958.2206767986
2022-08-16,1511960.194310695
2022-08-17,1501077.1653231496
2022-08-18,1502967.5349416004
2022-08-19,1486391.4993493876
2022-08-22,1470664.5026130776
2022-08-23,1469740.4930397745
2022-08-24,1469066.9230595054
2022-08-25,1482640.6593138354
2022-08-26,1462273.2508446998
2022-08-29,1454800.8429648983
2022-08-30,1447790.3603023582
2022-08-31,1439319.6071119024
2022-09-01,1431534.9914638582
2022-09-02,1430903.6665106781
2022-09-06,1417710.7165737974
2022-09-07,1434627.1573191232
2022-09-08,1432339.7847676515
2022-09-09,1442790.712785923
2022-09-12,1446825.235068908
2022-09-13,1417722.4187728548
2022-09-14,1420306.208564921
2022-09-15,1407935.246941734
2022-09-16,1404338.397328954
2022-09-19,1407765.1970876788
2022-09-20,1397910.8276237606
2022-09-21,1395278.4207770894
2022-09-22,1380323.470802649
2022-09-23,1369590.4542483618
2022-09-26,1354964.8489326884
2022-09-27,1347367.7422457188
2022-09-28,1374152.1166542107
2022-09-29,1360006.8401798906
2022-09-30,1348882.1847210897
2022-10-03,1372043.0973607241
2022-10-04,1389269.5837107017
2022-10-05,1382665.0094514508
2022-10-06,1375353.2865548846
2022-10-07,1353788.647509506
2022-10-10,1341386.5546600332
2022-10-11,1338076.8294197498
2022-10-12,1340492.4056666929
2022-10-13,1346188.9172915004
2022-10-14,1328128.8824310384
2022-10-17,1340972.7379037547
2022-10-18,1347025.5351566924
2022-10-19,1334677.9862221838
2022-10-20,1325562.427529675
2022-10-21,1336945.7871712348
2022-10-24,1339178.5341235544
2022-10-25,1357183.9584286134
2022-10-26,1356435.0146093403
2022-10-27,1355143.3361506301
2022-10-28,1361887.639386446
2022-10-31,1352736.1672396474
2022-11-01,1353556.8604459716
2022-11-02,1336899.688188079
2022-11-03,1326754.3926905715
2022-11-04,1336155.716209978
2022-11-07,1336612.6005815992
2022-11-08,1348638.4417380346
2022-11-09,1339446.6424388993
2022-11-10,1388571.6350472863
2022-11-11,1395161.9361812987
2022-11-14,1390310.2977336508
2022-11-15,1401936.5711574338
2022-11-16,1403196.3622384078
2022-11-17,1395893.5812567498
2022-11-18,1392661.3632723573
2022-11-21,1388888.665688695
2022-11-22,1400319.3245360523
2022-11-23,1411055.828027034
2022-11-25,1408810.49191323
2022-11-28,1400515.0088535876
2022-11-29,1395663.9222789581
2022-11-30,1420675.2886758705
2022-12-01,1435632.3834722023
2022-12-02,1436989.7712645174
2022-12-05,1417947.8849972063
2022-12-06,1414947.9347685035
2022-12-07,1423743.2737590268
2022-12-08,1426357.8643129251
2022-12-09,1415745.574358322
2022-12-12,1420379.4710115239
2022-12-13,1433800.8379831887
2022-12-14,1431609.0470410949
2022-12-15,1415040.4601646264
2022-12-16,1409010.5110597876
2022-12-19,1396842.8200356488
2022-12-20,1394944.2816748733
2022-12-21,1402457.2784064626
2022-12-22,1390206.0167272356
2022-12-23,1388162.1703659783
2022-12-27,1379016.7854995776
2022-12-28,1370140.072902298
2022-12-29,1384853.3358648624
2022-12-30,1381355.160868079
2023-01-03,1387088.0267107016
2023-01-04,1397268.7758138368
2023-01-05,1388324.1638829259
2023-01-06,1412217.933136355
2023-01-09,1416208.9187654634
2023-01-10,1415083.869632564
2023-01-11,1427447.1476560743
2023-01-12,1439604.6507573652
2023-01-13,1441089.5835876
2023-01-17,1437395.0310542372
2023-01-18,1439253.1184754057
2023-01-19,1436887.9412515939
2023-01-20,1441266.2331346828
2023-01-23,1447719.4666085825
2023-01-24,1452759.8545133637
2023-01-25,1454426.8459057538
2023-01-26,1457395.3653969334
2023-01-27,1459038.6200869863
2023-01-30,1448485.472651573
2023-01-31,1460061.515401811
2023-02-01,1475903.607735142
2023-02-02,1483223.2929072792
2023-02-03,1462599.2445120157
2023-02-06,1454928.6936588606
2023-02-07,1460844.601736071
2023-02-08,1456543.2759654939
2023-02-09,1446762.5478556885
2023-02-10,1442198.2291843728
2023-02-13,1450242.228311286
2023-02-14,1449932.564843752
2023-02-15,1447180.4960783
2023-02-16,1434856.4640113674
2023-02-17,1436007.6405555864
2023-02-21,1416736.28033647
2023-02-22,1417945.8497710254
2023-02-23,1424486.888463192
2023-02-24,1411168.5770898531
2023-02-27,1416135.9252148846
2023-02-28,1417411.0788660224
2023-03-01,1411075.1467840543
2023-03-02,1411720.9438128988
2023-03-03,1430453.0974357908
2023-03-06,1427283.051797464
2023-03-07,1417455.4580712323
2023-03-08,1418945.5657232166
2023-03-09,1415532.9456412809
2023-03-10,1427386.157278819
2023-03-13,1439970.5287552436
2023-03-14,1440799.9775870207
2023-03-15,1451861.0849976093
2023-03-16,1457794.7581259736
2023-03-17,1468449.6914882835
2023-03-20,1468303.5063722106
2023-03-21,1465128.3079893547
2023-03-22,1469266.4476051168
2023-03-23,1477980.7553020762
2023-03-24,1478942.4763187612
2023-03-27,1465454.8698631246
2023-03-28,1465625.4628647058
2023-03-29,1471347.3472013255
2023-03-30,1478824.9944246714
2023-03-31,1490363.4934637086
2023-04-03,1495122.459024177
2023-04-04,1500907.9946361016
2023-04-05,1501554.3962505031
2023-04-06,1503048.7776716775
2023-04-10,1493866.9151986549
2023-04-11,1494281.5026266791
2023-04-12,1493010.1387057072
2023-04-13,1501823.5070318803
2023-04-14,1492151.531611274
2023-04-17,1487213.6598600396
2023-04-18,1489575.1531965705
2023-04-19,1487246.448705078
2023-04-20,1489116.7391786904
2023-04-21,1484948.5045212335
2023-04-24,1489297.9847818553
2023-04-25,1488891.9035015209
2023-04-26,1484056.240183719
2023-04-27,1491013.943892048
2023-04-28,1501001.4229347326
2023-05-01,1488507.1026420558
2023-05-02,1498404.2183997936
2023-05-03,1500775.5372369196
2023-05-04,1497727.8236994182
2023-05-05,1500833.167881611
2023-05-08,1496363.8992772133
2023-05-09,1494187.4516129557
2023-05-10,1502554.079143306
2023-05-11,1504486.8415719247
2023-05-12,1498785.6931089775
2023-05-15,1498406.0002343697
2023-05-16,1492010.8794798586
2023-05-17,1495336.0162977327
2023-05-18,1495201.4433427241
2023-05-19,1493837.1117366934
2023-05-22,1492750.3908033655
2023-05-23,1488160.068651989
2023-05-24,1480901.3678679306
2023-05-25,1483867.623324444
2023-05-26,1496664.1030585328
2023-05-30,1504344.726659603
2023-05-31,1505275.7554573438
2023-06-01,1514573.180214266
2023-06-02,1510824.20797757
2023-06-05,1511544.8369940692
2023-06-06,1513838.7674623015
2023-06-07,1499792.5150167875
2023-06-08,1512646.219748238
2023-06-09,1511663.0473126702
2023-06-12,1519311.1151182342
2023-06-13,1516253.4411854402
2023-06-14,1520723.2247753998
2023-06-15,1533539.0722309824
2023-06-16,1528213.4517707357
2023-06-20,1526485.526335086
2023-06-21,1522169.8840871137
2023-06-22,1518730.529327583
2023-06-23,1518758.9313152803
2023-06-26,1515827.6003259972
2023-06-27,1519808.3682507405
2023-06-28,1522220.0265881543
2023-06-29,1514572.8254250563
2023-06-30,1526676.2118627827
2023-07-03,1525003.9909634881
2023-07-05,1520008.7583364893
2023-07-06,1509481.0717614798
2023-07-07,1508331.2369443711
2023-07-10,1511247.4163874954
2023-07-11,1516819.5215599155
2023-07-12,1531421.5717013383
2023-07-13,1543423.9606716856
2023-07-14,1538928.575286903
2023-07-17,1543031.545088654
2023-07-18,1551417.3090900942
2023-07-19,1555853.7311750508
2023-07-20,1541212.7986923098
2023-07-21,1539973.214419226
2023-07-24,1538561.2905247854
2023-07-25,1541423.239175817
2023-07-26,1543245.6967667094
2023-07-27,1528595.8608927995
2023-07-28,1540180.3131267203
2023-07-31,1542494.8422771941
2023-08-01,1532512.2730882314
2023-08-02,1518914.0109474582
2023-08-03,1510004.3853383963
2023-08-04,1516169.6468211757
2023-08-07,1516902.6277581444
2023-08-08,1516354.2105331025
2023-08-09,1511966.348236502
2023-08-10,1506008.931379894
2023-08-11,1502101.1443883216
2023-08-14,1504343.1685311727
2023-08-15,1496143.543542198
2023-08-16,1487167.0973785564
2023-08-17,1481065.8428240255
2023-08-18,1482618.0998608083
2023-08-21,1483718.8657318873
2023-08-22,1484976.5052980494
2023-08-23,1503280.9694644988
2023-08-24,1491568.0687111432
2023-08-25,1495489.8983510146
2023-08-28,1500755.5076001864
2023-08-29,1517097.6567615757
2023-08-30,1519885.4068041812
2023-08-31,1521738.4750843656
2023-09-01,1516394.5566115764
2023-09-05,1508131.0615855285
2023-09-06,1502760.698641791
2023-09-07,1502477.1552321392
2023-09-08,1504175.0903174207
2023-09-11,1507038.6675780523
2023-09-12,1503226.7489277222
2023-09-13,1504349.889184317
2023-09-14,1506230.2589031486
2023-09-15,1498064.5389196705
2023-09-18,1501566.757211592
2023-09-19,1497321.5702873275
2023-09-20,1492011.2164696052
2023-09-21,1473257.7353852452
2023-09-22,1476693.59376829
2023-09-25,1469580.697725334
2023-09-26,1459382.091600704
2023-09-27,1454489.4711499636
2023-09-28,1458517.1847854606
2023-09-29,1455702.8785650944
2023-10-02,1448746.8042124673
2023-10-03,1433081.9116005814
2023-10-04,1443403.939141521
2023-10-05,1441649.889372863
2023-10-06,1445166.3215430223
2023-10-09,1461674.5846741658
2023-10-10,1462906.901442058
2023-10-11,1473726.593610135
2023-10-12,1461187.9475830537
2023-10-13,1470619.4789390138
2023-10-16,1469162.1330388796
2023-10-17,1463127.5469873673
2023-10-18,1456841.7155232811
2023-10-19,1449488.4940908046
2023-10-20,1446693.4959193873
2023-10-23,1450343.7181775875
2023-10-24,1458007.5484313811
2023-10-25,1441611.530821171
2023-10-26,1440426.2986352693
2023-10-27,1442760.5454639327
2023-10-30,1444975.361926234
2023-10-31,1444536.408833021
2023-11-01,1458930.8515366528
2023-11-02,1475741.1417656748
2023-11-03,1485956.009640289
2023-11-06,1481287.5000485685
2023-11-07,1488489.1814123692
2023-11-08,1491474.1363414305
2023-11-09,1479971.8774480077
2023-11-10,1488278.5162830967
2023-11-13,1488036.579750646
2023-11-14,1510523.286088585
2023-11-15,1504590.7254038863
2023-11-16,1513333.2806677471
2023-11-17,1514834.7147445206
2023-11-20,1521336.4114225034
2023-11-21,1522401.0819849449
2023-11-22,1524175.6461682005
2023-11-24,1520777.0134607595
2023-11-27,1528226.9056916563
2023-11-28,1534610.0789286701
2023-11-29,1539594.3316859074
2023-11-30,1534486.2457149934
2023-12-01,1549020.4061736492
2023-12-04,1537130.6159491702
2023-12-05,1544311.8325490784
2023-12-06,1547130.8861941786
2023-12-07,1551418.5892553632
2023-12-08,1545836.5294945836
2023-12-11,1545712.2504997554
2023-12-12,1550132.2796681623
2023-12-13,1573800.757650236
2023-12-14,1585303.5851861793
2023-12-15,1583491.5874769837
2023-12-18,1585104.5868375252
2023-12-19,1591859.207464468
2023-12-20,1586180.7757422891
2023-12-21,1591765.007779186
2023-12-22,1592507.7821507968
2023-12-26,1598050.4569264704
2023-12-27,1607349.6426548113
2023-12-28,1602748.8007463443
2023-12-29,1597442.5258430117
2024-01-02,1587916.8601910265
2024-01-03,1582515.00956468
2024-01-04,1574774.582698593
2024-01-05,1571937.8055332694
2024-01-08,1582629.2367770236
2024-01-09,1581100.3525881323
2024-01-10,1582118.8389525565
2024-01-11,1586562.4335471196
2024-01-12,1590200.2710175188
2024-01-16,1579387.6321650832
2024-01-17,1571729.6289443998
2024-01-18,1576991.0344550714
2024-01-19,1586867.7723351498
2024-01-22,1589275.5583208168
2024-01-23,1589366.675965423
2024-01-24,1586489.064816128
2024-01-25,1592641.0055800139
2024-01-26,1589387.666991794
2024-01-29,1600915.915931372
2024-01-30,1601904.0828025474
2024-01-31,1597351.7333961022
2024-02-01,1613895.960439498
2024-02-02,1608281.9814573023
2024-02-05,1596858.297298643
2024-02-06,1602923.8868967474
2024-02-07,1605935.305181371
2024-02-08,1603805.9072208083
2024-02-09,1605807.2417841346
2024-02-12,1604541.6091412462
2024-02-13,1584485.7868763222
2024-02-14,1592294.720209684
2024-02-15,1599049.5066781815
2024-02-16,1593229.2986601167
2024-02-20,1592201.134580826
2024-02-21,1588421.712243172
2024-02-22,1602881.845402355
2024-02-23,1608691.372803408
2024-02-26,1605571.2123554202
2024-02-27,1603933.2618499743
2024-02-28,1605557.709509548
2024-02-29,1612761.7486465317
2024-03-01,1627747.182804655
2024-03-04,1628876.0514029032
2024-03-05,1628566.3523299808
2024-03-06,1636171.958358625
2024-03-07,1645055.7499347045
2024-03-08,1641575.5879907757
2024-03-11,1640102.1296596983
2024-03-12,1640224.3920318533
2024-03-13,1637526.0218380839
2024-03-14,1628668.2897740656
2024-03-15,1621965.8922978838
2024-03-18,1625466.5431351848
2024-03-19,1629102.6206921793
2024-03-20,1638998.7501196775
2024-03-21,1641522.3314837348
2024-03-22,1643251.735751508
2024-03-25,1640139.1072964568
2024-03-26,1640861.5963172053
2024-03-27,1650094.0001617698
2024-03-28,1652397.1890352804
2024-04-01,1647036.8019138908
2024-04-02,1644962.5071134276
2024-04-03,1648738.002150036
2024-04-04,1642721.7486371205
2024-04-05,1647329.5454862309
2024-04-08,1648349.1969186403
2024-04-09,1655092.7047465856
2024-04-10,1636385.7719669852
2024-04-11,1646714.7846115152
2024-04-12,1637595.9847927121
2024-04-15,1628573.231107888
2024-04-16,1625392.2742612578
2024-04-17,1623359.7642796114
2024-04-18,1619732.9743543747
2024-04-19,1613957.196716432
2024-04-22,1612095.338378171
2024-04-23,1619256.5629765806
2024-04-24,1616698.926147909
2024-04-25,1612843.5543522746
2024-04-26,1622571.4141342628
2024-04-29,1627556.614486422
2024-04-30,1608664.982969707
2024-05-01,1611831.0261203472
2024-05-02,1619715.397257809
2024-05-03,1632840.5665442676
2024-05-06,1642708.5491470252
2024-05-07,1644199.1162735054
2024-05-08,1640753.9698554517
2024-05-09,1649594.7535980162
2024-05-10,1650139.3164365827
2024-05-13,1648807.452950767
2024-05-14,1656759.9259690703
2024-05-15,1674287.9251813497
2024-05-16,1671041.858645171
2024-05-17,1672943.2649920676
2024-05-20,1675008.5754594726
2024-05-21,1678120.5581548922
2024-05-22,1671841.334469923
2024-05-23,1660003.8294903643
2024-05-24,1665967.1029334501
2024-05-28,1664304.733412953
2024-05-29,1652966.3334568716
2024-05-30,1653017.359751735
2024-05-31,1656898.0928966135
2024-06-03,1667600.080394213
2024-06-04,1671182.7529321976
2024-06-05,1686632.368218871
2024-06-06,1688093.1395440206
2024-06-07,1668362.4627568107
2024-06-10,1670454.1514753718
2024-06-11,1678461.7549577428
2024-06-12,1689161.7859583888
2024-06-13,1695358.4288145446
2024-06-14,1703689.3503472514
2024-06-17,1703483.7183641593
2024-06-18,1709636.7682430677
2024-06-20,1707459.1958056772
2024-06-21,1702035.178159572
2024-06-24,1700404.2393681046
2024-06-25,1704061.1635221276
2024-06-26,1696285.3116624432
2024-06-27,1702606.276627673
2024-06-28,1693231.276406137
2024-07-01,1688931.3538748294
2024-07-02,1697232.8185678734
2024-07-03,1709998.8320580656
2024-07-05,1722863.8563250839
2024-07-08,1720969.9087877155
2024-07-09,1720245.3580885855
2024-07-10,1728368.4602197958
2024-07-11,1729834.2064544496
2024-07-12,1735415.5500104162
2024-07-15,1733658.4636777446
2024-07-16,1746611.113622036
2024-07-17,1732814.8019876275
2024-07-18,1724190.1068042538
2024-07-19,1711769.4437652293
2024-07-22,1717937.5159583054
2024-07-23,1717432.2316289851
2024-07-24,1695802.4242127477
2024-07-25,1689704.4423587078
2024-07-26,1702569.208076768
2024-07-29,1704940.079486195
2024-07-30,1704183.671191844
2024-07-31,1727699.4407405215
2024-08-01,1719736.8866009181
2024-08-02,1721718.970292395
2024-08-05,1702624.8665824044
2024-08-06,1696349.1284859013
2024-08-07,1687990.4694714302
2024-08-08,1704558.0788102061
2024-08-09,1711989.7672401476
2024-08-12,1719608.236300776
2024-08-13,1734568.9676726304
2024-08-14,1735363.61243891
2024-08-15,1743541.6454449317
2024-08-16,1752901.9123201831
2024-08-19,1760682.0435472045
2024-08-20,1764593.4614068766
2024-08-21,1767679.507395487
2024-08-22,1752410.4271301962
2024-08-23,1765927.16198702
2024-08-26,1762038.1623397786
2024-08-27,1763658.7884758282
2024-08-28,1755973.658890791
2024-08-29,1755578.3504712041
2024-08-30,1755572.7174699039
2024-09-03,1746180.7652216177
2024-09-04,1751062.9767610515
2024-09-05,1755482.2025828345
2024-09-06,1741314.6675969565
2024-09-09,1751171.0204202551
2024-09-10,1760106.7476106808
2024-09-11,1768247.900679276
2024-09-12,1776909.0738565074
2024-09-13,1784500.5484188937
2024-09-16,1787270.2386589693
2024-09-17,1783697.03856394
2024-09-18,1774113.071025018
2024-09-19,1790086.7717869042
2024-09-20,1791642.5619388698
2024-09-23,1792940.1989073495
2024-09-24,1799937.8495687195
2024-09-25,1795161.4269512494
2024-09-26,1800304.2501393955
2024-09-27,1799022.8428922251
2024-09-30,1795936.4097875934
2024-10-01,1795598.9977828118
2024-10-02,1792749.4400972663
2024-10-03,1787018.0573701994
2024-10-04,1785056.6438705737
2024-10-07,1774412.693466832
2024-10-08,1780387.96715671
2024-10-09,1780049.2692654734
2024-10-10,1780419.6018639437
2024-10-11,1785019.1579826716
2024-10-14,1788993.248313344
2024-10-15,1788957.8300675051
2024-10-16,1793674.1741302134
2024-10-17,1789108.4249060561
2024-10-18,1796168.1505671625
2024-10-21,1788161.5346599212
2024-10-22,1791498.092590946
2024-10-23,1778844.277643514
2024-10-24,1786844.4187784756
2024-10-25,1786719.859811785
2024-10-28,1786054.0638418577
2024-10-29,1793295.0540068569
2024-10-30,1791942.4511858402
2024-10-31,1774129.5617304272
2024-11-01,1770287.3849480138
2024-11-04,1775541.6462265817
2024-11-05,1785168.725699278
2024-11-06,1779565.1975745077
2024-11-07,1797787.6741311862
2024-11-08,1801597.0654155225
2024-11-11,1792062.3160449604
2024-11-12,1781317.2040513519
2024-11-13,1775484.9877113253
2024-11-14,1771983.0535129851
2024-11-15,1760195.2029176159
2024-11-18,1770348.0063869066
2024-11-19,1778209.7971895067
2024-11-20,1778267.5572846208
2024-11-21,1782919.5202107402
2024-11-22,1788440.6595667782
2024-11-25,1792406.7194664304
2024-11-26,1794346.5183424703
2024-11-27,1795187.1248924134
2024-11-29,1806922.8592364308
2024-12-02,1808754.3808143619
2024-12-03,1806988.442331395
2024-12-04,1818158.0659348657
2024-12-05,1815147.8080255287
2024-12-06,1820225.7079821306
2024-12-09,1815309.8133053982
2024-12-10,1815286.1205042696
2024-12-11,1822012.285483592
2024-12-12,1808973.078421134
2024-12-13,1802890.6058765687
2024-12-16,1810223.440018134
2024-12-17,1807255.8856699283
2024-12-18,1774559.9526058915
2024-12-19,1768038.9938155937
2024-12-20,1779971.046452663
2024-12-23,1778986.9917913568
2024-12-24,1788404.878144182
2024-12-26,1790356.9723268189
2024-12-27,1777988.7369897922
2024-12-30,1774212.3894386562
2024-12-31,1770499.611880918
2025-01-02,1774075.787004104
2025-01-03,1778788.3135958912
2025-01-06,1781969.3610001388
2025-01-07,1770009.1758560215
2025-01-08,1773126.3378205216
2025-01-10,1762054.3501103788
2025-01-13,1758080.6519942388
2025-01-14,1759426.7609740454
2025-01-15,1782296.1499672707
2025-01-16,1783528.0412884597
2025-01-17,1790555.5847544617
2025-01-21,1803371.5734725243
2025-01-22,1807987.1122998376
2025-01-23,1806707.3166913653
2025-01-24,1808139.4149873236
2025-01-27,1797716.8417490453
2025-01-28,1807160.0367334604
2025-01-29,1802927.1020681057
2025-01-30,1812283.2625590735
2025-01-31,1808389.1835886084
2025-02-03,1807985.674356651
2025-02-04,1818591.1199965407
2025-02-05,1829968.7494373554
2025-02-06,1831199.377765595
2025-02-07,1821737.3279348833
2025-02-10,1831708.6723694666
2025-02-11,1827272.4354204142
2025-02-12,1820111.644730219
2025-02-13,1838276.707938905
2025-02-14,1838268.0431398898
2025-02-18,1839355.1278810063
2025-02-19,1841432.9602600187
2025-02-20,1840816.5440454797
2025-02-21,1834820.1246025877
2025-02-24,1833210.9545260263
2025-02-25,1831788.3694321066
2025-02-26,1835891.303623388
2025-02-27,1815237.1272176122
2025-02-28,1828653.535652119
2025-03-03,1823233.5281662422
2025-03-04,1816642.515582503
2025-03-05,1819980.1050294365
2025-03-06,1803559.468352159
2025-03-07,1806214.6013355763
2025-03-10,1789310.2710386706
2025-03-11,1786198.1139800518
2025-03-12,1789522.8689536022
2025-03-13,1789380.4250839031
2025-03-14,1799879.5123603132
2025-03-17,1807380.0596442525
2025-03-18,1803071.850607601
2025-03-19,1814463.1361599679
2025-03-20,1812890.7810505352
2025-03-21,1809678.048898521
2025-03-24,1814971.336268264
2025-03-25,1819335.1729767597
2025-03-26,1807032.5813129882
2025-03-27,1807532.5523972744
2025-03-28,1802694.4735135783
2025-03-31,1813029.815092144
2025-04-01,1819486.813703261
2025-04-02,1823520.660221769
2025-04-03,1795242.1490144515
2025-04-04,1754820.9929124422
2025-04-07,1736227.7472189541
2025-04-08,1720822.4018043957
2025-04-09,1792993.8404640488
2025-04-10,1763567.135175433
2025-04-11,1779087.0593600732
2025-04-14,1787379.957311051
2025-04-15,1790368.001105035
2025-04-16,1787428.137690387
2025-04-17,1783105.095756028
2025-04-21,1770527.6771411474
2025-04-22,1783503.6443925495
2025-04-23,1790498.5650443775
2025-04-24,1814405.1375314603
2025-04-25,1820258.9341704696
2025-04-28,1828121.2494151916
2025-04-29,1832836.1064200068
2025-04-30,1829024.1454438108
2025-05-01,1825223.804843697
2025-05-02,1828771.1241090647
2025-05-05,1831883.248991522
2025-05-06,1836952.0368101073
2025-05-07,1837020.7327634916
2025-05-08,1829744.6777408565
2025-05-09,1832190.2870353875
2025-05-12,1840221.73140989
2025-05-13,1846632.4564205483
2025-05-14,1838894.8896475048
2025-05-15,1850853.317481875
2025-05-16,1851236.2931276527
2025-05-19,1854871.1151366646
2025-05-20,1855908.562656413
2025-05-21,1840926.724986504
2025-05-22,1841830.8643586284
2025-05-23,1845104.131684771
2025-05-27,1858976.2315173417
2025-05-28,1852677.4416508274
2025-05-29,1860785.4708697358
2025-05-30,1859665.0459400555
2025-06-02,1867767.6253306244
2025-06-03,1868269.735693161
2025-06-04,1878914.7069978414
2025-06-05,1872392.7185538798
2025-06-06,1867381.574347941
2025-06-09,1870705.136761543
2025-06-10,1876748.1812731973
2025-06-11,1879224.1784295943
2025-06-12,1890415.7649928052
2025-06-13,1882546.0221731402
2025-06-16,1881229.4233674933
2025-06-17,1881102.2577934053
2025-06-18,1880202.8499017486
2025-06-20,1877900.1157995628
2025-06-23,1887653.7118160964
2025-06-24,1894534.2827215244
2025-06-25,1897042.7829705838
2025-06-26,1905192.884505837
2025-06-27,1899069.8584868927
2025-06-30,1910980.8273898796
2025-07-01,1910876.6982095144
2025-07-02,1913545.9043357898
2025-07-03,1913303.1568173517
2025-07-07,1904598.8846332899
2025-07-08,1900432.6708724294
2025-07-09,1911180.4117969947
2025-07-10,1912379.0204544438
2025-07-11,1907596.0525902407
2025-07-14,1907424.8518482943
2025-07-15,1901236.337716598
2025-07-16,1905940.799568641
2025-07-17,1909456.60296849
2025-07-18,1911377.5733730358
2025-07-21,1922619.8934703558
2025-07-22,1927104.2550686386
2025-07-23,1924068.4008395413
2025-07-24,1921582.1235598575
2025-07-25,1923671.7229808792
2025-07-28,1919675.1201660386
2025-07-29,1926933.171800221
2025-07-30,1918237.312667776
2025-07-31,1917908.2577685416
2025-08-01,1922450.8015228242
2025-08-04,1936389.6164944803
2025-08-05,1933445.1407259277
2025-08-06,1937264.5330926348
2025-08-07,1939853.2867977237
2025-08-08,1943066.6143444795
2025-08-11,1937249.71012628
2025-08-12,1942945.3908624675
2025-08-13,1949453.087808617
2025-08-14,1943339.9429578108
2025-08-15,1938264.1179701784
2025-08-18,1936318.7976716813
2025-08-19,1931220.2621071457
2025-08-20,1932982.6541957145
2025-08-21,1926255.2011305103
2025-08-22,1944330.6968184144
2025-08-25,1939449.8010167994
2025-08-26,1945365.8152621316
2025-08-27,1947724.6573561886
2025-08-28,1956051.418449205
2025-08-29,1951114.8344920496
2025-09-02,1949992.3433936634
2025-09-03,1961735.7311563343
2025-09-04,1970138.3827137966
2025-09-05,1981055.2621277466
2025-09-08,1992802.1476288307
2025-09-09,1990792.9577011494
2025-09-10,1995869.6365998946
2025-09-11,2002907.1034497274
2025-09-12,2002477.3298776092
2025-09-15,2011996.867735575
2025-09-16,2012998.1335678305
2025-09-17,2007569.816183472
2025-09-18,2006092.2727875274
2025-09-19,2012872.3467793441
2025-09-22,2020266.3523179104
2025-09-23,2020965.8616921925
2025-09-24,2013287.8254692939
2025-09-25,2010666.6250179254
2025-09-26,2015611.2480001834
2025-09-29,2027447.6294658412
2025-09-30,2031557.2228913768
2025-10-01,2037267.3664384906
2025-10-02,2039287.5533768171
2025-10-03,2039129.8957504912
2025-10-06,2045453.347499871
2025-10-07,2047111.7001153294
2025-10-08,2058907.0355383244
2025-10-09,2050544.7957330553
2025-10-10,2040713.8256725043
2025-10-13,2061844.984865926
2025-10-14,2063308.8005934025
2025-10-15,2071846.7489474372
2025-10-16,2080823.0697349533
2025-10-17,2077325.0598560367
2025-10-20,2099451.53089551
2025-10-21,2078556.617236027
2025-10-22,2073730.6352136354
2025-10-23,2076291.4953070534
2025-10-24,2082300.6585057215
2025-10-27,2083789.3484587187
2025-10-28,2086142.5341367128
2025-10-29,2080098.377217824
2025-10-30,2075184.4709501576
2025-10-31,2075333.4379699987
2025-11-03,2077234.0673278174
2025-11-04,2061214.4831143077
2025-11-05,2062928.953902471
2025-11-06,2057583.2917110545
2025-11-07,2058509.9650736626
2025-11-10,2079963.250010199
2025-11-11,2084145.5690440892
2025-11-12,2090179.6113648533
2025-11-13,2070246.39352471
2025-11-14,2061745.1631065453
2025-11-17,2052819.312861031
2025-11-18,2048876.990287687
2025-11-19,2051802.8701201833
2025-11-20,2040703.514898933
2025-11-21,2048652.7763039132
2025-11-24,2070139.027891217
2025-11-25,2077353.488189207
2025-11-26,2087312.60712921
2025-11-28,2094050.6631411514
2025-12-01,2086407.5882434724
2025-12-02,2088169.2896969714
2025-12-03,2091805.2531390113
2025-12-04,2088743.8135035362
2025-12-05,2087737.831080448
2025-12-08,2083150.5345669666
2025-12-09,2084740.0194934558
2025-12-10,2092980.268256513
2025-12-11,2096001.696653714
2025-12-12,2083146.7533959297
2025-12-15,2081927.2318536525
2025-12-16,2084783.1727062457
2025-12-17,2077062.1326002167
2025-12-18,2086819.5314142336
2025-12-19,2092707.558882123
2025-12-22,2103211.545905217
2025-12-23,2111308.691567865
2025-12-24,2115366.4874561233
2025-12-26,2118822.421694049
2025-12-29,2102140.752230175
2025-12-30,2100039.0471224436
2025-12-31,2088170.735530178
