,Return
2015-03-31,0.0
2015-04-01,0.0038987989168276223
2015-04-02,-0.00202343841919527
2015-04-06,0.003921777513256254
2015-04-07,-0.00014352214022361265
2015-04-08,0.0008561032049068705
2015-04-09,-0.0022898342223458493
2015-04-10,0.0036268888087745907
2015-04-13,-0.0017025315016326002
2015-04-14,0.000568382036264998
2015-04-15,0.0031720519069495224
2015-04-16,-0.0014885925986922773
2015-04-17,-0.0015667017892025967
2015-04-20,0.0009204456558058322
2015-04-21,0.0003789741062663329
2015-04-22,-0.004201303177089332
2015-04-23,0.003561012811966455
2015-04-24,0.0019553691011849972
2015-04-27,0.0019299981045862607
2015-04-28,-0.0015281353768136518
2015-04-29,-0.005568696849805075
2015-04-30,-0.007065390464846057
2015-05-01,0.00016643829285089271
2015-05-04,0.000321471276401984
2015-05-05,-0.004742863431089877
2015-05-06,-0.005680704262798533
2015-05-07,0.003157242414894206
2015-05-08,0.006380800894162892
2015-05-11,-0.007996797073896623
2015-05-12,0.000740227494223102
2015-05-13,0.0018463403154202543
2015-05-14,0.0062206753310825695
2015-05-15,0.005177382034735266
2015-05-18,-0.00281530426653819
2015-05-19,-0.004887608968393587
2015-05-20,0.0009646693425119006
2015-05-21,0.0041487526795263045
2015-05-22,-0.0011193724265407732
2015-05-26,-0.0023031492861619626
2015-05-27,0.0045166878441927774
2015-05-28,-0.0005471616998549604
2015-05-29,-0.001418442298920983
2015-06-01,-0.0018898666138159196
2015-06-02,-0.0035492412489195324
2015-06-03,-0.004445739363507808
2015-06-04,-0.00087840839710982
2015-06-05,-0.004979042975743849
2015-06-08,-0.0020866443214214384
2015-06-09,-0.0018780582377379586
2015-06-10,0.0035216711723301767
2015-06-11,0.0048366256290867035
2015-06-12,-0.002833516584797708
2015-06-15,-6.578831811671071e-05
2015-06-16,0.003211177468025602
2015-06-17,0.00042594348874665266
2015-06-18,0.005366457467331793
2015-06-19,0.0011943239279754573
2015-06-22,-0.005043732397339667
2015-06-23,-0.002402101495716849
2015-06-24,-0.0005147928914666744
2015-06-25,-0.002100905188999083
2015-06-26,-0.003745034065599464
2015-06-29,-0.0002055649040482052
2015-06-30,-0.0017130130887230031
2015-07-01,-0.001210710373925034
2015-07-02,0.0009584243663764888
2015-07-06,0.0038593386123828605
2015-07-07,0.0014984963192042344
2015-07-08,-0.0029809538019316397
2015-07-09,-0.003989000567425065
2015-07-10,0.0008270763184925655
2015-07-13,0.0029380518632078204
2015-07-14,0.002588821307208077
2015-07-15,0.0017021109997090817
2015-07-16,0.004069814018103005
2015-07-17,0.0017210481761691268
2015-07-20,-0.005065472385901698
2015-07-21,9.638525922389305e-05
2015-07-22,-0.0018808327223437341
2015-07-23,0.0004495693871513159
2015-07-24,-0.0011489999088393475
2015-07-27,-0.0015767291873670965
2015-07-28,0.001988707967887006
2015-07-29,0.0011133351223667465
2015-07-30,0.0007868897535124588
2015-07-31,0.0029844683732763782
2015-08-03,-0.00010093723659598103
2015-08-04,-0.0027492544488297655
2015-08-05,-0.0006597395567262269
2015-08-06,-0.0012332407661352733
2015-08-07,0.0026354516543235463
2015-08-10,0.002907651772153069
2015-08-11,0.0011274864967576348
2015-08-12,0.002120865255934309
2015-08-13,-0.002975461810423563
2015-08-14,0.0009862460340048884
2015-08-17,0.0038936951016737623
2015-08-18,-0.002972254673879877
2015-08-19,0.002613200204807638
2015-08-20,-0.003253838419243318
2015-08-21,-0.01015869314251996
2015-08-24,-0.014307252410262348
2015-08-25,-0.008371257651790217
2015-08-26,0.007801810131476406
2015-08-27,0.008356324512722016
2015-08-28,0.0019142445360591732
2015-08-31,-0.004874046138105961
2015-09-01,-0.007758934003641636
2015-09-02,0.005027167344478308
2015-09-03,-0.0006842304334546224
2015-09-04,-0.0030292199294487837
2015-09-08,0.005546741706762274
2015-09-09,-0.005474371215844548
2015-09-10,0.0016545181267573314
2015-09-11,0.002873032012191316
2015-09-14,-0.0006540547270961116
2015-09-15,-0.0012589285432155826
2015-09-16,0.003882163591693121
2015-09-17,0.005162838681888989
2015-09-18,-0.0005059865981955521
2015-09-21,-0.0034485652766433634
2015-09-22,-0.0026021793999948077
2015-09-23,0.0002654569194340766
2015-09-24,0.003726412701817141
2015-09-25,-0.0044529298397542995
2015-09-28,-0.007278450482477465
2015-09-29,-0.0003268561699687157
2015-09-30,0.0046278567612302235
2015-10-01,0.001822748494724999
2015-10-02,0.010900651846396568
2015-10-05,0.0016532599373149518
2015-10-06,0.0013359236297398078
2015-10-07,0.0011022347168208625
2015-10-08,-0.0005688042832285192
2015-10-09,0.00400320336074189
2015-10-12,0.003004669177895186
2015-10-13,-0.0008154046501118461
2015-10-14,0.004408376789766218
2015-10-15,0.0030059513163789475
2015-10-16,0.00010633335655252677
2015-10-19,-0.00013878472796150605
2015-10-20,-0.0017189077916250884
2015-10-21,-0.0012640336611187256
2015-10-22,0.006603329127271086
2015-10-23,0.003624778640465527
2015-10-26,0.001127935972651309
2015-10-27,0.0012822406306184594
2015-10-28,0.00016268994644473502
2015-10-29,-0.0057788319995769055
2015-10-30,-0.000526588197786017
2015-11-02,0.0014025452181623873
2015-11-03,-0.0032569600358979605
2015-11-04,-0.0022297272915656756
2015-11-05,-0.0016870984574537495
2015-11-06,-0.0061719015660118125
2015-11-09,-0.004129052234101797
2015-11-10,0.000493992202881748
2015-11-11,-0.001893582853126117
2015-11-12,-0.0029849552597566113
2015-11-13,-0.003934310631034161
2015-11-16,0.00520415126641312
2015-11-17,-0.0020612294215307443
2015-11-18,0.006148664044266008
2015-11-19,0.0032318165801589953
2015-11-20,0.0002416529367480786
2015-11-23,-0.0013081432369518302
2015-11-24,0.001324879263588709
2015-11-25,-0.00015712707981033744
2015-11-27,-0.0015090962818481795
2015-11-30,0.000646111269565361
2015-12-01,0.008299902983299697
2015-12-02,-0.0047629246935887645
2015-12-03,-0.014840739029074337
2015-12-04,0.014216192839993596
2015-12-07,-0.0007710010320179021
2015-12-08,-0.0009010300588869177
2015-12-09,-0.006867335683468484
2015-12-10,0.0018695852967642258
2015-12-11,-0.007696130631374162
2015-12-14,-0.00012600336041971232
2015-12-15,0.0025151133962737263
2015-12-16,0.007177610238399759
2015-12-17,-0.005777783587513264
2015-12-18,-0.008225939032054742
2015-12-21,0.005651874249676007
2015-12-22,0.0021313526887419146
2015-12-23,0.0030575263009916948
2015-12-24,0.001081265834466277
2015-12-28,-0.0002489280222616254
2015-12-29,0.0038171060717605678
2015-12-30,-0.00473119231611806
2015-12-31,-0.005409842592877013
2016-01-04,-0.009936798326857501
2016-01-05,-0.0012459260803947103
2016-01-06,-0.0030930928305581444
2016-01-07,-0.01760424207740336
2016-01-08,-0.004348996127346123
2016-01-11,-0.0009293362455948832
2016-01-12,0.009758840519530972
2016-01-13,-0.017534830882952896
2016-01-14,0.010158052270166213
2016-01-15,-0.014201395279230066
2016-01-19,0.0004291608775066726
2016-01-20,-0.0009147247440953084
2016-01-21,-0.00019506705156998046
2016-01-22,0.015110127533022854
2016-01-25,-0.007756101695089228
2016-01-26,0.006578407708668598
2016-01-27,-0.012970795033949028
2016-01-28,0.007553172069249838
2016-01-29,0.01577501691075324
2016-02-01,-4.9988776193978635e-05
2016-02-02,-0.0084253615928657
2016-02-03,-0.0011441234099650545
2016-02-04,0.0008747857867713269
2016-02-05,-0.015381505303488717
2016-02-08,-0.0052831370728191
2016-02-09,-0.0011382546153676587
2016-02-10,0.0020603708153034634
2016-02-11,-0.0011381519714330148
2016-02-12,0.006256634336145685
2016-02-16,0.009561164720415459
2016-02-17,0.009923803440358139
2016-02-18,-0.0033019150381178707
2016-02-19,0.0007698055377084259
2016-02-22,0.00777359435078006
2016-02-23,-0.007356232380871082
2016-02-24,0.004134317846374514
2016-02-25,0.006137663625530083
2016-02-26,-0.0023767986560941225
2016-02-29,-0.0038589469483256765
2016-03-01,0.012380496132877178
2016-03-02,0.00038772315592494833
2016-03-03,0.00029580065026455204
2016-03-04,-0.0003495393919857556
2016-03-07,-0.002694962630556344
2016-03-08,-0.003049589912146116
2016-03-09,0.0019922918548338523
2016-03-10,-0.0012666561557489776
2016-03-11,0.007566889385055706
2016-03-14,0.000572464187333215
2016-03-15,-0.00032096411095478206
2016-03-16,0.005715815674524289
2016-03-17,0.0009790549584934075
2016-03-18,0.0016002756002349006
2016-03-21,0.000893793077788286
2016-03-22,0.0003535112804665773
2016-03-23,-0.002676886109801578
2016-03-24,-0.0003235627210320378
2016-03-28,-4.246734024547077e-06
2016-03-29,0.00903111939558679
2016-03-30,0.002066289187502044
2016-03-31,8.445026759792013e-05
2016-04-01,0.0031992160049637078
2016-04-04,-0.0028644530295531346
2016-04-05,-0.0013460015779583642
2016-04-06,0.005582249712359405
2016-04-07,-0.0027867922986806867
2016-04-08,-0.0005189530329452767
2016-04-11,0.001023293824932226
2016-04-12,0.003424702427600148
2016-04-13,0.0039354457273456985
2016-04-14,-0.0033543597420140243
2016-04-15,0.001083557709950787
2016-04-18,0.0023675355691272822
2016-04-19,0.001062387844796741
2016-04-20,-0.0018289732837961808
2016-04-21,-0.0004127048523291237
2016-04-22,-0.00820126418892413
2016-04-25,5.225259410072134e-05
2016-04-26,-0.0011861613057985083
2016-04-27,-0.0006285628762564465
2016-04-28,-0.001012475127700422
2016-04-29,0.0011813414735279031
2016-05-02,0.0024791287914343735
2016-05-03,-0.0036081428260346443
2016-05-04,-0.0042870958899600044
2016-05-05,0.00017288309189785925
2016-05-06,0.0043662812868033
2016-05-09,-0.004593157100681515
2016-05-10,0.00699517440722869
2016-05-11,-0.0012354957634909702
2016-05-12,-0.004317783955760462
2016-05-13,-0.00029986891101007446
2016-05-16,0.004856300126004923
2016-05-17,-0.004773410424734066
2016-05-18,-0.0057904399269182675
2016-05-19,-0.0025222379327374685
2016-05-20,0.004230832826589901
2016-05-23,-0.001312504637219014
2016-05-24,0.002818227428187484
2016-05-25,0.0024173320041432555
2016-05-26,0.0006990875073766829
2016-05-27,-0.0005443079677645291
2016-05-31,0.0017144571744522631
2016-06-01,-0.0002264947998564752
2016-06-02,0.0007763625337896003
2016-06-03,0.011020790453547584
2016-06-06,0.0011476718722062797
2016-06-07,-0.0003592964280208121
2016-06-08,0.006798998975822876
2016-06-09,0.00188450362084279
2016-06-10,-0.0017999773285027622
2016-06-13,0.00011276365775574754
2016-06-14,4.7356699125714323e-05
2016-06-15,0.002628238280867023
2016-06-16,-0.0026371209343224087
2016-06-17,0.0007280041089644668
2016-06-20,-0.000828884889457316
2016-06-21,-0.00676853208780574
2016-06-22,-0.00017930579866638367
2016-06-23,0.001704513653183884
2016-06-24,0.005967409569256076
2016-06-27,-0.003432935942174742
2016-06-28,0.0036806561582228663
2016-06-29,0.0073618885348066855
2016-06-30,0.0071941041106446954
2016-07-01,0.004035294653027463
2016-07-05,-0.0005189435833368102
2016-07-06,0.0042184016296101445
2016-07-07,7.650581399016156e-05
2016-07-08,0.008621215488552464
2016-07-11,-0.00028305014365150093
2016-07-12,-0.0007726597181653488
2016-07-13,0.0008874644348351708
2016-07-14,0.0009727988923240121
2016-07-15,-0.00243448135006944
2016-07-18,0.0027385109929606273
2016-07-19,-0.0003513405182214818
2016-07-20,0.002504692986643334
2016-07-21,0.0008502845754368477
2016-07-22,0.0010898484308086735
2016-07-25,-0.0013479000816412142
2016-07-26,0.0010633850834481813
2016-07-27,0.00514972694807172
2016-07-28,0.0012582238325083606
2016-07-29,0.0033136118284964426
2016-08-01,0.00038956929075995304
2016-08-02,-0.004439131468344343
2016-08-03,0.0017486540669506639
2016-08-04,0.0021104509410473007
2016-08-05,0.00201115876574937
2016-08-08,-0.0007235558163881958
2016-08-09,0.00226295035528724
2016-08-10,-0.00022654121205643336
2016-08-11,0.00031081958050259065
2016-08-12,0.0014332514977006248
2016-08-15,0.0008889781472328628
2016-08-16,-0.003305173868497743
2016-08-17,0.0014704398251228679
2016-08-18,0.0011919710447004005
2016-08-19,-0.0017077436690540184
2016-08-22,0.001042867559865001
2016-08-23,0.0009099640801036274
2016-08-24,-0.003292557934456247
2016-08-25,-0.0012904083596338607
2016-08-26,-0.0012657842834471068
2016-08-29,0.002753859956583655
2016-08-30,-0.0014899440130608206
2016-08-31,-0.00122711832395758
2016-09-01,0.0015342293527458087
2016-09-02,0.0005695822780256714
2016-09-06,0.005439225252816664
2016-09-07,0.0002834320213398521
2016-09-08,-0.005743730334057175
2016-09-09,-0.018073582359544697
2016-09-12,0.01025682738698934
2016-09-13,-0.008479587808348696
2016-09-14,0.0028636996576186674
2016-09-15,0.007818815475852952
2016-09-16,0.0003743302351131291
2016-09-19,-0.0027087087166197434
2016-09-20,0.0016511894753233375
2016-09-21,0.007459797689767706
2016-09-22,0.0061440733535522785
2016-09-23,-0.0036088623620302066
2016-09-26,-0.0034206898070136575
2016-09-27,0.006471972183071597
2016-09-28,0.0010896550203680535
2016-09-29,-0.004114466589986358
2016-09-30,0.002668856781400493
2016-10-03,-0.0022154103381906783
2016-10-04,-0.004945434377851935
2016-10-05,0.0008922465402213869
2016-10-06,-0.0016948771609788381
2016-10-07,-0.0010771747969725604
2016-10-10,0.0019859355234028656
2016-10-11,-0.008889746814286613
2016-10-12,1.7420656759485184e-05
2016-10-13,-0.0009438636228920956
2016-10-14,-0.002762533117368969
2016-10-17,-6.925060168513274e-05
2016-10-18,0.005990781234696211
2016-10-19,0.0006625825336143679
2016-10-20,-0.0008191894489669096
2016-10-21,0.002256048151274636
2016-10-24,0.004872205387576693
2016-10-25,-0.0013925877897562637
2016-10-26,-0.005151184748658553
2016-10-27,-0.005227242748331777
2016-10-28,-0.0036205525160555993
2016-10-31,0.0009514638400401804
2016-11-01,-0.00445236193451267
2016-11-02,-0.003271455998341461
2016-11-03,-0.0058939713245290785
2016-11-04,-0.00022037199349570922
2016-11-07,0.011876933858428059
2016-11-08,0.0024026907784808144
2016-11-09,-0.003465419556014101
2016-11-10,-0.010476931978047792
2016-11-11,-0.0025679841597129015
2016-11-14,-0.0066967017283771696
2016-11-15,0.008686310408096639
2016-11-16,0.003235209963291579
2016-11-17,0.0015213527349736754
2016-11-18,-0.0038111689111509093
2016-11-21,0.006716423947498083
2016-11-22,0.0018636725347798528
2016-11-23,-0.004031406605731998
2016-11-25,0.0017824099605301842
2016-11-28,0.00037436331962152836
2016-11-29,0.002273798992901207
2016-11-30,-0.009748001918184103
2016-12-01,-0.009957149960480458
2016-12-02,0.002335648534744945
2016-12-05,0.004741566755969508
2016-12-06,0.0019652113692595155
2016-12-07,0.010255747590899884
2016-12-08,0.0004387743501149717
2016-12-09,0.003381943970254101
2016-12-12,-0.0020682133740646865
2016-12-13,0.0074443593424511675
2016-12-14,-0.005922935976752912
2016-12-15,0.0005334757321437461
2016-12-16,-0.0015987620482879198
2016-12-19,0.0037922329333101427
2016-12-20,0.0018662503098960468
2016-12-21,-0.0006987888029375766
2016-12-22,-0.0020051148270405716
2016-12-23,0.001111873877416028
2016-12-27,0.0030271431358745255
2016-12-28,-0.004842739348421445
2016-12-29,0.0007361200447388574
2016-12-30,-0.005431037975909857
2017-01-03,0.006691760774769286
2017-01-04,0.004848296276135974
2017-01-05,0.003477553896906682
2017-01-06,0.004396931160640612
2017-01-09,0.0009745676873030791
2017-01-10,0.0009340481751441918
2017-01-11,0.002468904022334231
2017-01-12,-0.0015033490567052203
2017-01-13,0.0020128723268484153
2017-01-17,-0.0016847993224521642
2017-01-18,0.0004285752903625573
2017-01-19,-0.002260114585624105
2017-01-20,0.0024323197035909113
2017-01-23,0.00036430913662181466
2017-01-24,0.004675159562666297
2017-01-25,0.006753585049141451
2017-01-26,0.00026118266356536086
2017-01-27,0.0005132658496590017
2017-01-30,-0.005837134611955545
2017-01-31,-0.0002480174903160973
2017-02-01,0.0028821870446729746
2017-02-02,-5.281265940878071e-05
2017-02-03,0.003966356587514449
2017-02-06,0.0007916062801187457
2017-02-07,0.0019664908138759723
2017-02-08,0.001989505406423099
2017-02-09,0.002716427941833675
2017-02-10,0.002835807097687892
2017-02-13,0.00422578336485176
2017-02-14,0.0023448426133164204
2017-02-15,0.004258633863850783
2017-02-16,0.0002818062291580742
2017-02-17,0.0029744770247698404
2017-02-21,0.004318073225152592
2017-02-22,0.00013577219816305168
2017-02-23,-0.0009266332644119414
2017-02-24,0.0021858394586921517
2017-02-27,0.00046797870356024817
2017-02-28,-0.0024496250394759945
2017-03-01,0.00876373578005558
2017-03-02,-0.005168594256068192
2017-03-03,0.0012221173485209038
2017-03-06,-0.002174476312739904
2017-03-07,-0.002160698044133258
2017-03-08,-0.0005189698760082218
2017-03-09,0.0002862379489208555
2017-03-10,0.003560326871128115
2017-03-13,0.0004972471723807018
2017-03-14,-0.0023502459771976517
2017-03-15,0.007580121288955746
2017-03-16,-0.0014943322791433602
2017-03-17,-0.0003188425583016371
2017-03-20,0.0004515466599237939
2017-03-21,-0.010996952880108544
2017-03-22,0.004253630248956584
2017-03-23,-0.001721285832387555
2017-03-24,0.0007759267228859191
2017-03-27,0.0008110270144238612
2017-03-28,0.004787776703945034
2017-03-29,0.002939018478953471
2017-03-30,0.0013722994635671389
2017-03-31,-0.0008028209169605417
2017-04-03,0.0006623567157134297
2017-04-04,0.000891644974339279
2017-04-05,-0.0022674737210219035
2017-04-06,0.0004034380135968041
2017-04-07,-0.0007518600037516279
2017-04-10,0.0006402001276104132
2017-04-11,0.0002666599482053678
2017-04-12,-0.0015868062940319636
2017-04-13,-0.0023710260410366333
2017-04-17,0.005338201793709537
2017-04-18,0.00011602728848546771
2017-04-19,-0.0012678204486900038
2017-04-20,0.0056507006690737355
2017-04-21,-0.000496265956719619
2017-04-24,0.007022722121075376
2017-04-25,0.002606528589132586
2017-04-26,0.00025020710554968283
2017-04-27,0.002578676357814605
2017-04-28,0.0007923951435132587
2017-05-01,0.003923906997478824
2017-05-02,0.0009354163182845133
2017-05-03,-0.0034343671017074877
2017-05-04,-0.00040336776562407734
2017-05-05,0.0035257377132576337
2017-05-08,0.0006385970245803378
2017-05-09,0.000536246235096376
2017-05-10,0.0010172714027763198
2017-05-11,-0.000821882696829137
2017-05-12,0.0006652792474348555
2017-05-15,0.004055647714594062
2017-05-16,0.0019450184191754098
2017-05-17,-0.017320601456899322
2017-05-18,0.004807457258211536
2017-05-19,0.005188722963084555
2017-05-22,0.006357450804003956
2017-05-23,0.0007104492757720247
2017-05-24,0.0035058911731983017
2017-05-25,0.005766302475030844
2017-05-26,0.0016197965720149837
2017-05-30,-0.0002865010380554441
2017-05-31,0.00014844187272203613
2017-06-01,0.005361964267569499
2017-06-02,0.007343119309817138
2017-06-05,-0.0003291516079370518
2017-06-06,-0.002099850818599419
2017-06-07,0.0020552533969111376
2017-06-08,3.15249770255321e-05
2017-06-09,-0.0129955639549551
2017-06-12,-0.0026596762434200395
2017-06-13,0.005923589483737922
2017-06-14,-0.0030696945119656595
2017-06-15,-0.0032855197904946925
2017-06-16,-0.001841081674904239
2017-06-19,0.010405384947880953
2017-06-20,-0.006777343675059712
2017-06-21,0.004611307965232271
2017-06-22,8.296134674078668e-06
2017-06-23,0.0026878997550747667
2017-06-26,-0.0027131181603206457
2017-06-27,-0.011490533069124637
2017-06-28,0.01050831907782208
2017-06-29,-0.012330331476911933
2017-06-30,0.0007400649045992693
2017-07-03,-0.005655717479741736
2017-07-05,0.00581463066341964
2017-07-06,-0.008250981853801924
2017-07-07,0.006707056358993748
2017-07-10,0.0035781056953533017
2017-07-11,0.0010599769545224912
2017-07-12,0.00903029859257356
2017-07-13,0.0015642024765687356
2017-07-14,0.006438654784781969
2017-07-17,0.000611355154422695
2017-07-18,0.003932288191831508
2017-07-19,0.0050360164689907715
2017-07-20,0.0009293028129951063
2017-07-21,0.00027185558723663854
2017-07-24,0.001988425194106937
2017-07-25,-0.0003877663484644875
2017-07-26,0.002285164324005825
2017-07-27,-0.0033290213395839653
2017-07-28,-0.00015404493721646263
2017-07-31,-0.002117638983011231
2017-08-01,0.001954290543389064
2017-08-02,0.0012315341293449833
2017-08-03,-0.0024699757267076647
2017-08-04,0.0008518678958037968
2017-08-07,0.0035601969660923748
2017-08-08,-0.0015950929548703837
2017-08-09,0.0005915332810950099
2017-08-10,-0.015410351676645473
2017-08-11,0.004538905382568811
2017-08-14,0.009485435890615563
2017-08-15,-0.0005163073495131668
2017-08-16,0.0022977244877318325
2017-08-17,-0.015859254566850434
2017-08-18,-0.001177516077762379
2017-08-21,0.00015334563995937368
2017-08-22,0.011039609945841414
2017-08-23,-0.0028460943344985226
2017-08-24,-0.0026865922080150494
2017-08-25,0.00046737147384501244
2017-08-28,0.0029871853371519113
2017-08-29,0.0020641487604006665
2017-08-30,0.007335471331203434
2017-08-31,0.008662543052346181
2017-09-01,0.00016472290530086472
2017-09-05,-0.0045517446388189334
2017-09-06,0.001621754433923737
2017-09-07,0.0029767743345274567
2017-09-08,-0.004575121764927276
2017-09-11,0.006307743001106334
2017-09-12,0.0028459295745357728
2017-09-13,-0.0006436775061543228
2017-09-14,-0.0019358616679487502
2017-09-15,0.0010762445020781354
2017-09-18,-0.001604598408607299
2017-09-19,0.0015291007215377332
2017-09-20,-0.0027922973406136102
2017-09-21,-0.005180012615793449
2017-09-22,0.0005012426120272659
2017-09-25,-0.003522721079989529
2017-09-26,-0.0007514975943202996
2017-09-27,0.003637003406511688
2017-09-28,0.0006337638419443356
2017-09-29,0.003510130358619844
2017-10-02,0.001501688302098176
2017-10-03,0.001953876594535503
2017-10-04,0.0012607961947737761
2017-10-05,0.006404525312697303
2017-10-06,0.0006215218326035292
2017-10-09,-0.00035960256731879545
2017-10-10,0.001782991445102465
2017-10-11,0.002378225739143443
2017-10-12,-0.0013903638392808576
2017-10-13,0.003090929833989471
2017-10-16,0.0013812198045345947
2017-10-17,0.0001377575262499984
2017-10-18,-0.0005236909580815402
2017-10-19,-0.0009021053748916915
2017-10-20,0.00278545925226919
2017-10-23,-0.004493489478903563
2017-10-24,0.0011136016279076526
2017-10-25,-0.003876450942678365
2017-10-26,-0.0017874203566650582
2017-10-27,0.01702471470321661
2017-10-30,-0.00042837560980671667
2017-10-31,0.001960677073558206
2017-11-01,0.0008048631229679398
2017-11-02,-0.0006179840653121383
2017-11-03,0.005328300920753148
2017-11-06,0.0030766730669559714
2017-11-07,-0.00041459075808774216
2017-11-08,0.0029214171287680786
2017-11-09,-0.0035836069265969073
2017-11-10,-0.0009978960338910454
2017-11-13,0.0011231237658102793
2017-11-14,-0.002477171751168853
2017-11-15,-0.004496423028198821
2017-11-16,0.00950742880420881
2017-11-17,-0.0018367070602433452
2017-11-20,-0.0008662216140068703
2017-11-21,0.007953631900890532
2017-11-22,0.0010781255531568529
2017-11-24,0.0024251372437825445
2017-11-27,-5.964796350469575e-06
2017-11-28,0.005667509546757084
2017-11-29,-0.00882268183112143
2017-11-30,0.006891623044081441
2017-12-01,-0.0024497370728598874
2017-12-04,-0.00609753586657352
2017-12-05,-0.002039474409519004
2017-12-06,0.001904503395492984
2017-12-07,0.0016124730540373498
2017-12-08,0.004420653105474077
2017-12-11,0.0044330323794584715
2017-12-12,0.0003053434848410342
2017-12-13,0.0016760583942517747
2017-12-14,-0.002361311313346755
2017-12-15,0.00902207619126982
2017-12-18,0.007061864374346151
2017-12-19,-0.004330295354326194
2017-12-20,-0.000454212218584997
2017-12-21,0.0011244472025246448
2017-12-22,-0.00010942157059670601
2017-12-26,-0.00229106246442989
2017-12-27,0.0006537371327300287
2017-12-28,0.001977020399733102
2017-12-29,-0.003843873345265821
2018-01-02,0.01223383018876625
2018-01-03,0.0069247865807096735
2018-01-04,0.0031908268530582546
2018-01-05,0.00738203872145882
2018-01-08,0.0025537062001618712
2018-01-09,0.000581194171459248
2018-01-10,-0.0015020658753410053
2018-01-11,0.006668186195952188
2018-01-12,0.007423292586354994
2018-01-16,-0.0026632317645855844
2018-01-17,0.008285858170211935
2018-01-18,-0.0008978954457674444
2018-01-19,0.0038956423678467708
2018-01-22,0.008615619744465506
2018-01-23,0.005155772197794667
2018-01-24,-0.0018943304887239797
2018-01-25,-0.0006394382606388964
2018-01-26,0.012102479218331217
2018-01-29,-0.005747637627243778
2018-01-30,-0.008791523745780926
2018-01-31,0.002755111370732705
2018-02-01,-0.008537490196277798
2018-02-02,-0.018464471402635685
2018-02-05,-0.031313379674020876
2018-02-06,0.018761503456263078
2018-02-07,-0.010949241244151742
2018-02-08,-0.034222747204841086
2018-02-09,0.012312612629700279
2018-02-12,0.014545016212907397
2018-02-13,0.004550687081064341
2018-02-14,0.0122610973314429
2018-02-15,0.014492969907391285
2018-02-16,-0.0018268697236372166
2018-02-20,-0.0007970787764347204
2018-02-21,-0.00495954226604655
2018-02-22,0.0007465245129339005
2018-02-23,0.017178241355742713
2018-02-26,0.010462675508345577
2018-02-27,-0.010475590875253257
2018-02-28,-0.004758521769020151
2018-03-01,-0.011805309141351373
2018-03-02,0.005267215457467958
2018-03-05,0.008509600163630324
2018-03-06,0.0033901703904374476
2018-03-07,0.0011278067124219104
2018-03-08,0.005337942050489663
2018-03-09,0.014050385764406037
2018-03-12,0.0041475063706592425
2018-03-13,-0.008875667293697018
2018-03-14,0.0005359773514349147
2018-03-15,-0.0008105291596816766
2018-03-16,-0.002349787948185962
2018-03-19,-0.016589598989458925
2018-03-20,0.0016061789739942086
2018-03-21,-0.0027250203307559546
2018-03-22,-0.01856666733824152
2018-03-23,-0.020708274014916723
2018-03-26,0.027205886571698944
2018-03-27,-0.02195970856553996
2018-03-28,-0.007485500726496976
2018-03-29,0.0145971731475504
2018-04-02,-0.021900508220619223
2018-04-03,0.00787302311764032
2018-04-04,0.011412673248307215
2018-04-05,0.0035947250268324404
2018-04-06,-0.01801753418003401
2018-04-09,0.005625122333712014
2018-04-10,0.01628501429074914
2018-04-11,-0.0038754930771367716
2018-04-12,0.007575489270685064
2018-04-13,-0.003316976402951251
2018-04-16,0.006331235949972212
2018-04-17,0.01583242563489954
2018-04-18,-1.6354803588967666e-05
2018-04-19,-0.008311110150781785
2018-04-20,-0.012962008190234672
2018-04-23,-0.0016549541260831317
2018-04-24,-0.016705760153506985
2018-04-25,-7.549894370360016e-05
2018-04-26,0.01616656091013283
2018-04-27,0.0019827291812710753
2018-04-30,-0.0056303788541930905
2018-05-01,0.006761245354468712
2018-05-02,-0.005142381753401822
2018-05-03,0.0003806989375572825
2018-05-04,0.014450414138125428
2018-05-07,0.0055361588978618355
2018-05-08,-0.0008096715608301065
2018-05-09,0.007459974695445393
2018-05-10,0.009682668018806578
2018-05-11,0.00039314151832136874
2018-05-14,0.00016847079728955474
2018-05-15,-0.010483760316033427
2018-05-16,0.004199693690845743
2018-05-17,-0.0034862238355399893
2018-05-18,-0.0021685627271012626
2018-05-21,0.00497227608976653
2018-05-22,-0.00160665229286299
2018-05-23,0.007104263650307861
2018-05-24,0.0009594085658027112
2018-05-25,0.0012880361155883531
2018-05-29,-0.0009741847778794904
2018-05-30,0.005684639427012848
2018-05-31,-0.0018316808775173526
2018-06-01,0.010569045549118361
2018-06-04,0.005200756526233125
2018-06-05,0.0025404017402134793
2018-06-06,0.0037043697881021733
2018-06-07,-0.003433133827812454
2018-06-08,3.840451786657099e-05
2018-06-11,0.00162061165449982
2018-06-12,0.0035495035546316443
2018-06-13,-0.0006716288693111961
2018-06-14,0.008301910223938487
2018-06-15,-0.0024353367968850473
2018-06-18,-0.0009177722808696957
2018-06-19,-0.0014596064803877435
2018-06-20,0.0031365118352364133
2018-06-21,-0.00570373496422271
2018-06-22,-0.0010629198956548153
2018-06-25,-0.01645828113482252
2018-06-26,0.003166783855582461
2018-06-27,-0.008492437785072065
2018-06-28,0.006436114010305074
2018-06-29,0.0013656113523537643
2018-07-02,0.004842883121605578
2018-07-03,-0.008615176828360445
2018-07-05,0.010753856279319103
2018-07-06,0.01286478108234678
2018-07-09,0.008675348629861124
2018-07-10,0.0016680860187078001
2018-07-11,-0.005683760647131999
2018-07-12,0.014078839969161018
2018-07-13,0.000844756404218332
2018-07-16,-0.001926833376465457
2018-07-17,0.0052297392641532554
2018-07-18,-0.0005960024902641014
2018-07-19,-0.004397949963140835
2018-07-20,-0.0007412822520240581
2018-07-23,0.0024504084613967228
2018-07-24,0.004398709952983153
2018-07-25,0.011796929822575653
2018-07-26,-0.010722340564605248
2018-07-27,-0.011038395934868082
2018-07-30,-0.011029726359138464
2018-07-31,0.006677975121408086
2018-08-01,0.0018478805710851543
2018-08-02,0.010676173698322763
2018-08-03,0.003486275167318367
2018-08-06,0.005089111667183589
2018-08-07,0.0035023339283919747
2018-08-08,0.0006415588182745355
2018-08-09,-0.0008539581504978165
2018-08-10,-0.007312950536144033
2018-08-13,-0.002031724185405056
2018-08-14,0.006270665593449694
2018-08-15,-0.010600836916884066
2018-08-16,0.004942188852607123
2018-08-17,0.001371722534772346
2018-08-20,0.00017864471662993095
2018-08-21,0.0031924007707415957
2018-08-22,0.002317333005644308
2018-08-23,-0.0013947257965735277
2018-08-24,0.008105519499214885
2018-08-27,0.00931875570522499
2018-08-28,0.0011078306698308082
2018-08-29,0.009326269174936352
2018-08-30,-0.0025590249159841752
2018-08-31,0.0008438434649397414
2018-09-04,-0.003397519788662388
2018-09-05,-0.009391382439600929
2018-09-06,-0.006890609602544763
2018-09-07,-0.00318915077530303
2018-09-10,0.0027935310745477396
2018-09-11,0.0061386543934582325
2018-09-12,-0.0018342640419439877
2018-09-13,0.008968351074703609
2018-09-14,-0.0018456789454967897
2018-09-17,-0.01128640502206746
2018-09-18,0.0072455624566384194
2018-09-19,-0.00012657950973991983
2018-09-20,0.00997117200317608
2018-09-21,-0.0038831020629440257
2018-09-24,0.0006404557569284858
2018-09-25,0.0005580257618343637
2018-09-26,-0.0005885596921274632
2018-09-27,0.006455575484653482
2018-09-28,-0.0001041531125583953
2018-10-01,0.002541363196398983
2018-10-02,-0.0016715437960116316
2018-10-03,0.0008907038638743396
2018-10-04,-0.015346644876810131
2018-10-05,-0.009961028535806838
2018-10-08,-0.00398107576622128
2018-10-09,0.001591238209962676
2018-10-10,-0.0404946769511075
2018-10-11,-0.015906670678875495
2018-10-12,0.022669502774215998
2018-10-15,-0.00988702560100013
2018-10-16,0.0262099569543588
2018-10-17,0.00031911689172647715
2018-10-18,-0.020336910947957188
2018-10-19,-0.0007905755238227319
2018-10-22,0.0017605261149260059
2018-10-23,-0.004182456625199904
2018-10-24,-0.04121774880273898
2018-10-25,0.02832947372874547
2018-10-26,-0.023147729945593578
2018-10-29,-0.015461501407402416
2018-10-30,0.01577236730548678
2018-10-31,0.018819589060806625
2018-11-01,0.012222539409416101
2018-11-02,-0.01228325828230981
2018-11-05,0.0003114894290102025
2018-11-06,0.007113320967609035
2018-11-07,0.027489010524265257
2018-11-08,-0.004795249652187017
2018-11-09,-0.014482636186477198
2018-11-12,-0.02657295256963696
2018-11-13,-0.0001083313436030307
2018-11-14,-0.007378642652253157
2018-11-15,0.014906026768172704
2018-11-16,-0.0013762431317571027
2018-11-19,-0.027430820369907453
2018-11-20,-0.018273943100680354
2018-11-21,0.006113203029065592
2018-11-23,-0.007063634485613477
2018-11-26,0.02045798969660777
2018-11-27,0.003366240718228045
2018-11-28,0.02855608271515701
2018-11-29,-0.002887954295923768
2018-11-30,0.0068256535579056185
2018-12-03,0.015865491940518655
2018-12-04,-0.036949397570240274
2018-12-06,0.004041438413325791
2018-12-07,-0.03005005948840559
2018-12-10,0.007434676442111286
2018-12-11,0.002228516458889413
2018-12-12,0.007453751544336105
2018-12-13,7.819650886994966e-05
2018-12-14,-0.022545167974779224
2018-12-17,-0.02183214413054938
2018-12-18,0.0036911575487474134
2018-12-19,-0.021440511535519107
2018-12-20,-0.015234573733260672
2018-12-21,-0.027709857964953667
2018-12-24,-0.025693099208036325
2018-12-26,0.05661811248802127
2018-12-27,0.005187265631912992
2018-12-28,-0.0007911208793446476
2018-12-31,0.008510437849510959
2019-01-02,0.0029711696582144613
2019-01-03,-0.030042546746746657
2019-01-04,0.038761631091051484
2019-01-07,0.01044152265803256
2019-01-08,0.009125647281113024
2019-01-09,0.006907280709019004
2019-01-10,0.0030888480730115867
2019-01-11,-0.002247365216376812
2019-01-14,-0.007910786854030445
2019-01-15,0.01655798248520301
2019-01-16,0.0007259580994279244
2019-01-17,0.007749342280618499
2019-01-18,0.011030742555629249
2019-01-22,-0.01791222711664157
2019-01-23,0.0015739937410344394
2019-01-24,0.004381525990423229
2019-01-25,0.010669202830859892
2019-01-28,-0.010748978633953674
2019-01-29,-0.0066306969099895995
2019-01-30,0.02182503716656434
2019-01-31,0.01271745857199574
2019-02-01,-0.00258159134945387
2019-02-04,0.010477733139792939
2019-02-05,0.007189995060715427
2019-02-06,-0.002402973226209376
2019-02-07,-0.012140223919764468
2019-02-08,0.0017011506083111512
2019-02-11,-0.0004236375433074131
2019-02-12,0.014012360840251634
2019-02-13,0.0015904992004707615
2019-02-14,2.098146423585857e-05
2019-02-15,0.006520674932358844
2019-02-19,0.001889428278785147
2019-02-20,0.0005912604245197356
2019-02-21,-0.0036285986322412934
2019-02-22,0.006955453497095094
2019-02-25,0.002840460241091573
2019-02-26,0.00042320284196217806
2019-02-27,-0.000562175517863241
2019-02-28,-0.002152111618555075
2019-03-01,0.006665944872524088
2019-03-04,-0.0011629930976819278
2019-03-05,7.907116627310434e-06
2019-03-06,-0.005823167688903914
2019-03-07,-0.010966381044382837
2019-03-08,-0.001686760863313108
2019-03-11,0.01841819893866331
2019-03-12,0.00487890974273192
2019-03-13,0.007174478723741028
2019-03-14,-0.0013270760606132624
2019-03-15,0.007729694514488032
2019-03-18,0.0028127988583760122
2019-03-19,0.0022687056911274437
2019-03-20,0.0015176888360448333
2019-03-21,0.014012588629476649
2019-03-22,-0.021236534673976466
2019-03-25,-0.0015019582093038957
2019-03-26,0.005619255467047955
2019-03-27,-0.00602301025664423
2019-03-28,0.0028204199810358647
2019-03-29,0.0071022740334871935
2019-04-01,0.006162942164282672
2019-04-02,0.0025991825710575314
2019-04-03,0.0016801826464947775
2019-04-04,0.001731976616041268
2019-04-05,0.0028021106123445384
2019-04-08,0.0025648135498256516
2019-04-09,-0.0009423203288576936
2019-04-10,0.0038530158612711685
2019-04-11,-0.005420571431201991
2019-04-12,0.0032566341408130778
2019-04-15,-0.0008627396570133315
2019-04-16,-0.002015576498716583
2019-04-17,-0.0005360996000777148
2019-04-18,0.001329424724487729
2019-04-22,0.0011204502383935497
2019-04-23,0.006049263915220249
2019-04-24,-0.0006456847505129559
2019-04-25,0.0012576979539334738
2019-04-26,0.0042655215076035525
2019-04-29,-0.0004947798864483413
2019-04-30,-0.0009764294573924152
2019-05-01,-0.006454052558427423
2019-05-02,-0.0033371970575571176
2019-05-03,0.009006590528939885
2019-05-06,-0.0019074020316606382
2019-05-07,-0.007824406106240685
2019-05-08,-0.0021061189533685587
2019-05-09,-0.0008867421690490333
2019-05-10,0.00287007189234404
2019-05-13,-0.010377413027524776
2019-05-14,0.004279050929275004
2019-05-15,0.004264090599365521
2019-05-16,0.0015921502380940211
2019-05-17,-0.007449590676969999
2019-05-20,-0.005383690582366843
2019-05-21,0.0038883203533780254
2019-05-22,-0.0023404801720275114
2019-05-23,-0.0033996567314550016
2019-05-24,0.0012098492949359062
2019-05-28,-0.0057731262343421
2019-05-29,-0.003666582283404968
2019-05-30,0.004894033054817357
2019-05-31,-0.001278014966137339
2019-06-03,-0.0023165958908897416
2019-06-04,0.012501093656834475
2019-06-05,0.00484928741370346
2019-06-06,0.004884196276758149
2019-06-07,0.01062356784339974
2019-06-10,0.0003528536262566522
2019-06-11,-1.8386195778443055e-05
2019-06-12,-1.1581601954138536e-05
2019-06-13,0.005200730553256883
2019-06-14,-0.0016192697161065924
2019-06-17,0.0018100518483664342
2019-06-18,0.008651744754130634
2019-06-19,0.004179658030580329
2019-06-20,0.013872099611503451
2019-06-21,0.001076578114116477
2019-06-24,0.005584347024957247
2019-06-25,-0.0065269800617506245
2019-06-26,-0.0025025463538398043
2019-06-27,0.001931499347533834
2019-06-28,0.0023370582933767876
2019-07-01,0.00017445704528652815
2019-07-02,0.00841952322753462
2019-07-03,0.004695374904474344
2019-07-05,-0.005505829853025937
2019-07-08,-0.005224228908451515
2019-07-09,0.002730419527936377
2019-07-10,0.008507845503076025
2019-07-11,-0.0034816972577850795
2019-07-12,0.004611703253813266
2019-07-15,0.0016881802820966766
2019-07-16,-0.0051153490118425885
2019-07-17,0.0029379257530965
2019-07-18,0.005323951654257887
2019-07-19,-0.00786206572149871
2019-07-22,0.0031902036525927216
2019-07-23,0.0013145320855546508
2019-07-24,0.004866784471420508
2019-07-25,-0.006383379743990621
2019-07-26,0.004954060921025144
2019-07-29,0.0005729768772193204
2019-07-30,-0.0008164038769217861
2019-07-31,-0.009398610621748467
2019-08-01,0.01260329311361593
2019-08-02,-0.007581009463617954
2019-08-05,-0.004306085809745631
2019-08-06,0.010063425497441065
2019-08-07,0.011126293265113087
2019-08-08,0.010888639755780194
2019-08-09,-0.0054723476482423815
2019-08-12,0.0018605267243532835
2019-08-13,0.004059050069833771
2019-08-14,-0.006695453981370909
2019-08-15,0.003851097468729383
2019-08-16,0.0017784353497212494
2019-08-19,-0.0016357149915457343
2019-08-20,0.002034024648075966
2019-08-21,0.0012006465605969084
2019-08-22,-0.0027505642920241553
2019-08-23,0.00042815546412919986
2019-08-26,0.005460211499170552
2019-08-27,0.005149715456273034
2019-08-28,-0.000368467020610675
2019-08-29,0.0010383026573637533
2019-08-30,-0.0024131778373407613
2019-09-03,0.0024413818173944974
2019-09-04,0.007231942829755769
2019-09-05,-0.007937315505397037
2019-09-06,-0.00217124281306706
2019-09-09,-0.006100777686836252
2019-09-10,-0.00827917448567091
2019-09-11,0.0046948021548139296
2019-09-12,0.0005669113126815494
2019-09-13,-0.009344707680923516
2019-09-16,0.004610319464800636
2019-09-17,0.0035401274297312156
2019-09-18,-0.0016925477833929909
2019-09-19,0.0026282116254323037
2019-09-20,0.004288738145501801
2019-09-23,0.0023925846092558724
2019-09-24,0.0007018960295131034
2019-09-25,-0.007152676321265174
2019-09-26,0.00020050628487207093
2019-09-27,-0.005140808623840021
2019-09-30,-0.002431320138113827
2019-10-01,-0.0009963085972148115
2019-10-02,-0.001879873938681228
2019-10-03,0.007324130208785621
2019-10-04,0.006645104302888307
2019-10-07,-0.005750361133303366
2019-10-08,-0.002212077267218546
2019-10-09,0.0030414974323430695
2019-10-10,-0.0028178854738784183
2019-10-11,0.00032642203878462247
2019-10-14,0.0024835448397488927
2019-10-15,6.051546562411969e-05
2019-10-16,0.0015725467013655875
2019-10-17,0.001228916168161196
2019-10-18,-0.003439694963719385
2019-10-21,0.00012811194304028083
2019-10-22,-0.000578863085336971
2019-10-23,0.001840246736059003
2019-10-24,0.0051702645860589634
2019-10-25,0.002635864443273231
2019-10-28,-0.001259511625715724
2019-10-29,-0.0030139611103890992
2019-10-30,0.005963078736533537
2019-10-31,0.005803869310132944
2019-11-01,0.0033763650526472647
2019-11-04,0.0001484403891995104
2019-11-05,-0.010147226955091258
2019-11-06,0.0019951590415794485
2019-11-07,-0.008840800673350552
2019-11-08,-0.0026342906070252166
2019-11-11,-0.0019487802541798844
2019-11-12,0.002741503718900458
2019-11-13,0.002678655009461007
2019-11-14,0.0025338225152232536
2019-11-15,0.0009952045379698425
2019-11-18,0.0021611701233910756
2019-11-19,0.0009379070731097427
2019-11-20,-0.0016221558893167495
2019-11-21,-0.004295760986519783
2019-11-22,-0.0009139809093872713
2019-11-25,0.001182153211672745
2019-11-26,0.003750710058463907
2019-11-27,-0.0009296503998440717
2019-11-29,0.002191886861313515
2019-12-02,-0.003985490940446156
2019-12-03,0.0034521881141086914
2019-12-04,0.0008692809165628001
2019-12-05,0.0010549727694862962
2019-12-06,-0.002740357871046186
2019-12-09,-0.0017757682601733948
2019-12-10,0.0015376390521430238
2019-12-11,0.006303102629141863
2019-12-12,0.00028936639055723943
2019-12-13,0.0040622980961159995
2019-12-16,0.0034323422867242304
2019-12-17,5.9443302275511675e-05
2019-12-18,0.0003001238205684468
2019-12-19,0.0038574365799479557
2019-12-20,0.002060773686707334
2019-12-23,0.0029110010154293725
2019-12-24,0.006261509279835465
2019-12-26,0.008143222488258557
2019-12-27,-0.0005183660364993907
2019-12-30,-0.0009452434380072482
2019-12-31,0.001867398114708536
2020-01-02,0.010550416731579033
2020-01-03,0.005346282617350373
2020-01-06,0.00902645277059162
2020-01-07,0.0025018323515320256
2020-01-08,-0.002272605718703157
2020-01-09,-0.0007288080332518731
2020-01-10,0.003008698931963384
2020-01-13,-0.0008246278016746534
2020-01-14,-0.0019592808475842717
2020-01-15,0.00392405783836216
2020-01-16,0.002316943733158647
2020-01-17,0.002924312596087599
2020-01-21,0.0005538891086536843
2020-01-22,0.0011450703168779137
2020-01-23,0.002583837902883142
2020-01-24,0.0008305591390745156
2020-01-27,-0.002882436047917071
2020-01-28,-0.000492772773362485
2020-01-29,0.004080733551948333
2020-01-30,0.0012883078572092257
2020-01-31,-0.0018406518586602842
2020-02-03,0.003386587005343373
2020-02-04,0.004201789495911027
2020-02-05,0.0025830069840286057
2020-02-06,0.005599449213543247
2020-02-07,-0.000580554895199216
2020-02-10,0.0064464512504766374
2020-02-11,-0.0013376948681684691
2020-02-12,0.003604526460200761
2020-02-13,0.001684216420134999
2020-02-14,0.0031354014986438193
2020-02-18,0.004840139282712425
2020-02-19,0.006168339847133036
2020-02-20,-0.0018790753083135687
2020-02-21,-0.001974498548001435
2020-02-24,-0.013871167594165913
2020-02-25,-0.02028163984264859
2020-02-26,0.0028885734941782384
2020-02-27,-0.02345570656633384
2020-02-28,-0.012916843486959742
2020-03-02,0.025722776185140205
2020-03-03,-0.0030802713027770715
2020-03-04,0.020712709001523118
2020-03-05,-0.006960915618936816
2020-03-06,-0.0067962134213560045
2020-03-09,-0.03536422105012425
2020-03-10,0.015768513524641724
2020-03-11,-0.025755876282064386
2020-03-12,-0.06288649970890886
2020-03-13,0.028727608641699324
2020-03-16,-0.062056706277098486
2020-03-17,0.034376102091714066
2020-03-18,-0.027705745345800985
2020-03-19,-0.0038409401386437195
2020-03-20,-0.011537903393131044
2020-03-23,0.013414304430731086
2020-03-24,0.054697729034817455
2020-03-25,-0.005173658024352343
2020-03-26,0.03124531212110961
2020-03-27,-0.017930742656988016
2020-03-30,0.01914366899257129
2020-03-31,-0.016386866760615928
2020-04-01,-0.01819375430672308
2020-04-02,0.016171292158281454
2020-04-03,-0.005348947234703154
2020-04-06,0.042807696989274585
2020-04-07,-0.0025386756864730813
2020-04-08,0.00898059935003418
2020-04-09,0.012124623119470511
2020-04-13,0.0080175177878215
2020-04-14,0.022199660745755877
2020-04-15,-0.007714722763084046
2020-04-16,0.006904352781520089
2020-04-17,6.450919139869456e-05
2020-04-20,-0.0039530434230265294
2020-04-21,-0.019761720040343083
2020-04-22,0.019882083305637645
2020-04-23,0.002810045038914759
2020-04-24,0.006083372764618139
2020-04-27,0.0018155943476230577
2020-04-28,-0.008257983750434666
2020-04-29,0.017927910065710848
2020-04-30,-0.008306624697444429
2020-05-01,-0.01167001817954952
2020-05-04,0.005718966084832121
2020-05-05,0.006695417788141104
2020-05-06,-0.003957027480123871
2020-05-07,0.012522546273539477
2020-05-08,0.004622462610879745
2020-05-11,0.000536482720732181
2020-05-12,-0.008572409072923311
2020-05-13,-0.0034241481793806884
2020-05-14,0.009053040361671531
2020-05-15,0.004824285340634479
2020-05-18,0.007378209791609614
2020-05-19,0.0013552209247854842
2020-05-20,0.01031352703046746
2020-05-21,-0.009912841535876156
2020-05-22,0.0038389236964662854
2020-05-26,-0.0045154575664065055
2020-05-27,0.004873819274776784
2020-05-28,0.0003018973237685793
2020-05-29,0.008804766803309595
2020-06-01,0.003201836115389072
2020-06-02,0.0010557975080678324
2020-06-03,-0.0038554544340817054
2020-06-04,0.0002104750592537845
2020-06-05,0.0027481469785797675
2020-06-08,0.008437915311519632
2020-06-09,0.005299646796426845
2020-06-10,0.009432389757063182
2020-06-11,-0.028695589422432548
2020-06-12,0.004718446219551969
2020-06-15,0.004878206166446686
2020-06-16,0.008336934657425502
2020-06-17,0.0013870538706174506
2020-06-18,0.0006487349349813286
2020-06-19,0.002973097073573544
2020-06-22,0.007250303211194029
2020-06-23,0.006540426019037799
2020-06-24,-0.012104108537559551
2020-06-25,0.0047290707822826294
2020-06-26,-0.010004657876229457
2020-06-29,0.0063216874086495034
2020-06-30,0.009983654618301217
2020-07-01,0.002185863255792201
2020-07-02,0.0036307280517208825
2020-07-06,0.010481363354615372
2020-07-07,0.0014442191789222879
2020-07-08,0.006348888878308892
2020-07-09,0.004030966429265355
2020-07-10,0.000991546822574192
2020-07-13,-0.006635562320920068
2020-07-14,0.004729422927089776
2020-07-15,0.0007874467804267545
2020-07-16,-0.005199975085923042
2020-07-17,0.0031124315939023476
2020-07-20,0.012151106959953275
2020-07-21,0.0008329345212695948
2020-07-22,0.0071094614152462715
2020-07-23,-0.005184637381825568
2020-07-24,-0.0006719258916342802
2020-07-27,0.012657707276127956
2020-07-28,-0.0006820978750399533
2020-07-29,0.00709239138091864
2020-07-30,4.032662904449179e-05
2020-07-31,0.009616916809784076
2020-08-03,0.004272662518944931
2020-08-04,0.010581011721089082
2020-08-05,0.0023387146247492757
2020-08-06,0.010231510736900061
2020-08-07,-0.010961431909891208
2020-08-10,-0.0035152675546559803
2020-08-11,-0.028305156022920403
2020-08-12,0.005328633864754491
2020-08-13,0.0070806891642005015
2020-08-14,-0.002421066206822687
2020-08-17,0.012178054079441062
2020-08-18,0.007800627243406669
2020-08-19,-0.014718771266843216
2020-08-20,0.008991858995832257
2020-08-21,0.0005997045917801149
2020-08-24,-0.00021648173282023215
2020-08-25,0.001698518127536766
2020-08-26,0.010914286356584767
2020-08-27,-0.008195096871880945
2020-08-28,0.00796885543075098
2020-08-31,0.004749626641458375
2020-09-01,0.008199979499913074
2020-09-02,0.0008705345546637117
2020-09-03,-0.024839218538433426
2020-09-04,-0.00616771265556487
2020-09-08,-0.020609698149998534
2020-09-09,0.015624491980696839
2020-09-10,-0.00985955364742042
2020-09-11,-0.002091938038411449
2020-09-14,0.010178907336301283
2020-09-15,0.004517655691757203
2020-09-16,-0.005284981092765471
2020-09-17,-0.00831295793769897
2020-09-18,-0.005623942495542285
2020-09-21,-0.007123772814995586
2020-09-22,0.00589422194629525
2020-09-23,-0.021182441092000726
2020-09-24,0.0034373582813569128
2020-09-25,0.009032944914563672
2020-09-28,0.012493261760790015
2020-09-29,0.0008716212918798262
2020-09-30,0.00042870697324098883
2020-10-01,0.008305349089735441
2020-10-02,-0.010829871498706458
2020-10-05,0.007033648557489224
2020-10-06,-0.009635141072669938
2020-10-07,0.005962757506660299
2020-10-08,0.004427336801625155
2020-10-09,0.010675504910431358
2020-10-12,0.0110273251799377
2020-10-13,-0.004110755044945089
2020-10-14,-0.002223291155257384
2020-10-15,-0.0016189414477620102
2020-10-16,-0.003120249272289397
2020-10-19,-0.007367161806179217
2020-10-20,0.0012523329414863087
2020-10-21,0.001097643317768586
2020-10-22,-0.003748771892757493
2020-10-23,0.001462860978955583
2020-10-26,-0.005634634081497441
2020-10-27,0.003839737283664593
2020-10-28,-0.02083037681027214
2020-10-29,0.0037469385078514133
2020-10-30,-0.009468534682127366
2020-11-02,0.005175533906195425
2020-11-03,0.005998458051587982
2020-11-04,0.01465480139858319
2020-11-05,0.013761206833300694
2020-11-06,-0.0011331936135373915
2020-11-09,-0.01886589155033174
2020-11-10,-0.004017868180681684
2020-11-11,0.004709294270410817
2020-11-12,0.00223606153889358
2020-11-13,0.0047607298828229675
2020-11-16,0.002574970216404208
2020-11-17,-0.0012033260024943793
2020-11-18,-0.0042677956399287415
2020-11-19,0.002173263461331513
2020-11-20,-0.00022391418121601558
2020-11-23,-0.0057123926368350675
2020-11-24,-0.0008579849651410374
2020-11-25,0.0008125898440935681
2020-11-27,0.0007162496344961075
2020-11-30,-0.0021432850444160828
2020-12-01,0.0058746190015850136
2020-12-02,0.001008173603524818
2020-12-03,0.002774736378241708
2020-12-04,0.00013646552337296476
2020-12-07,0.004602497993499023
2020-12-08,0.002432844940484271
2020-12-09,-0.010032048512571091
2020-12-10,0.0016298491883167895
2020-12-11,0.00039304438312168466
2020-12-14,-0.0007269274132198507
2020-12-15,0.006818900485624099
2020-12-16,0.001985410742322688
2020-12-17,0.0038870918242641323
2020-12-18,-0.002162416852688721
2020-12-21,-0.0012115253753790167
2020-12-22,-0.00036204564569043566
2020-12-23,-0.0006983408129709022
2020-12-24,0.0029591785990878837
2020-12-28,0.0032906674150243575
2020-12-29,0.0002621798253444237
2020-12-30,0.0019046285983482074
2020-12-31,0.0024202338697898395
2021-01-04,-0.004141012359881411
2021-01-05,0.003417781028427126
2021-01-06,-0.004768778659175067
2021-01-07,0.00796791862728498
2021-01-08,-0.000808891158153152
2021-01-11,-0.005635055859674321
2021-01-12,0.000495638336254183
2021-01-13,0.0024774077463105776
2021-01-14,-0.002748899057253186
2021-01-15,-0.004608642003811969
2021-01-19,0.0064636859932368975
2021-01-20,0.010738769982999899
2021-01-21,0.0014385643494528606
2021-01-22,-0.0022165703560018037
2021-01-25,0.003957034050603499
2021-01-26,-0.0005686031185666827
2021-01-27,-0.013375985071042035
2021-01-28,0.0031179117373733053
2021-01-29,-0.010601811182423964
2021-02-01,0.004540762124863527
2021-02-02,-0.0024772426933568886
2021-02-03,-0.0043999668569502815
2021-02-04,-0.002245770828550563
2021-02-05,-0.0018626506138238901
2021-02-08,0.00383254493524603
2021-02-09,0.0007805689458822827
2021-02-10,0.003251280521941222
2021-02-11,-0.002672886918986708
2021-02-12,-0.005008108476269571
2021-02-16,-0.009471526568855066
2021-02-17,0.0006088382976762146
2021-02-18,-0.0020898242898026473
2021-02-19,-0.005816142928024517
2021-02-22,-0.0042803132694783416
2021-02-23,-0.0014237568376847605
2021-02-24,-0.001702850852538301
2021-02-25,-0.016083585428412303
2021-02-26,0.011436453866056951
2021-03-01,0.006695459334841538
2021-03-02,-0.0028318977229871267
2021-03-03,-0.009987680854956115
2021-03-04,-0.007543239207962066
2021-03-05,0.006180086906358704
2021-03-08,-0.006937240152717211
2021-03-09,0.011912950361467877
2021-03-10,0.0024539189909069236
2021-03-11,0.003805272855955298
2021-03-12,-0.005096816181265414
2021-03-15,0.0039958465243093814
2021-03-16,-0.0002849193924309589
2021-03-17,0.00040697086274120236
2021-03-18,-0.010164742409797776
2021-03-19,0.0008472041068931448
2021-03-22,0.006078664823819469
2021-03-23,-0.0005736435292337896
2021-03-24,-0.0017478147177013622
2021-03-25,-0.00032433367074053635
2021-03-26,0.004559471854281751
2021-03-29,-0.00293016164620167
2021-03-30,-0.0018194995044585188
2021-03-31,0.00241754971968167
2021-04-01,0.007481297121209342
2021-04-05,0.006050111290113271
2021-04-06,0.001576220929082372
2021-04-07,0.00018771213798505796
2021-04-08,0.004431949679827103
2021-04-09,0.0018206355083915955
2021-04-12,-0.0006128880729815997
2021-04-13,0.003861331231149722
2021-04-14,-0.003041869049349072
2021-04-15,0.008127417886257038
2021-04-16,0.000820939444057012
2021-04-19,-0.0031348745512223696
2021-04-20,-0.0021763748667797582
2021-04-21,0.004944205110244203
2021-04-22,-0.004540724567453221
2021-04-23,0.004295418069268117
2021-04-26,0.0012180641034238665
2021-04-27,-0.0018166946897185414
2021-04-28,0.00011999965962292627
2021-04-29,0.0018462306952674397
2021-04-30,-0.002857190848477446
2021-05-03,0.0017089904345186386
2021-05-04,-0.005530065865770491
2021-05-05,0.00037143181515180833
2021-05-06,0.0060218033549441115
2021-05-07,0.004957403993343799
2021-05-10,-0.007191293865451892
2021-05-11,-0.0035793566825399583
2021-05-12,-0.013288777897138187
2021-05-13,0.0063275204672945656
2021-05-14,0.009962884719045887
2021-05-17,-0.00044932064703627635
2021-05-18,-0.0037365778201368873
2021-05-19,-0.0011659507160983458
2021-05-20,0.007795348593959252
2021-05-21,-0.0010341752318539883
2021-05-24,0.006382557172271272
2021-05-25,0.001096526488316101
2021-05-26,0.0008708205557905766
2021-05-27,-0.0005628779623398795
2021-05-28,0.0015411359053660375
2021-06-01,-0.002044940978934654
2021-06-02,0.001878576224310772
2021-06-03,-0.007526533002789722
2021-06-04,0.010520602325614728
2021-06-07,0.001170881784784515
2021-06-08,-7.254430775963566e-05
2021-06-09,-0.0006734992200789821
2021-06-10,0.005872065728122516
2021-06-11,-4.04330665465134e-06
2021-06-14,0.0032524775404184658
2021-06-15,-0.003414253384449771
2021-06-16,-0.005626245022897892
2021-06-17,0.00037896720072623773
2021-06-18,-0.008233132438147826
2021-06-21,0.008643830404717655
2021-06-22,0.004676868304299668
2021-06-23,-0.0004761702145694879
2021-06-24,0.004142721597461121
2021-06-25,0.0011778353636319814
2021-06-28,0.0050011926884176655
2021-06-29,9.783627786179441e-05
2021-06-30,0.000416975431834559
2021-07-01,0.00242643936741572
2021-07-02,0.008524809542798537
2021-07-06,0.0019143780110130047
2021-07-07,0.0026483093675070835
2021-07-08,-0.005546616315273411
2021-07-09,0.006812646946958182
2021-07-12,0.0027767653718112563
2021-07-13,-0.0011014630717770795
2021-07-14,0.002722653328156307
2021-07-15,-0.004241284354766886
2021-07-16,-0.007550949982765476
2021-07-19,-0.008593471440665992
2021-07-20,0.00989585338049167
2021-07-21,0.0056721353197477
2021-07-22,0.0038743957207058033
2021-07-23,0.008265655068218922
2021-07-26,0.000879284752652643
2021-07-27,-0.006207845193647062
2021-07-28,0.0021823858695326263
2021-07-29,0.0036130026957296594
2021-07-30,-0.004963384526265502
2021-08-02,-0.001011517470373129
2021-08-03,0.005298943501486635
2021-08-04,-0.0009694412769327191
2021-08-05,0.0041488583586332065
2021-08-06,-0.006614786779746491
2021-08-09,-0.0031236854864906028
2021-08-10,-0.0018267925427029362
2021-08-11,0.002880793037383904
2021-08-12,0.0026736656402954083
2021-08-13,0.005108063406958949
2021-08-16,0.0020116834611642064
2021-08-17,-0.006497383029125613
2021-08-18,-0.007891501717701572
2021-08-19,0.0020820210863182124
2021-08-20,0.007407980074537471
2021-08-23,0.012101075081832271
2021-08-24,0.001804707976716271
2021-08-25,-0.00020901192206305248
2021-08-26,-0.004622457975645977
2021-08-27,0.010412224409691247
2021-08-30,0.005474210954984582
2021-08-31,-0.00045547768715465103
2021-09-01,0.0008888841077659711
2021-09-02,0.0007692022678524122
2021-09-03,0.0025879673458444534
2021-09-07,-0.0033260281392668003
2021-09-08,-0.0023964702843927033
2021-09-09,-0.002834316950299794
2021-09-10,-0.007425195346452288
2021-09-13,0.001190361783866791
2021-09-14,-0.002796136634842042
2021-09-15,0.006152503390788404
2021-09-16,-0.0031873160715067995
2021-09-17,-0.009725963951348098
2021-09-20,-0.01568150671694911
2021-09-21,0.0009694288435913999
2021-09-22,0.00785794028747233
2021-09-23,0.007847003106854551
2021-09-24,0.000964758121768421
2021-09-27,-0.004570211885112675
2021-09-28,-0.022791045453357327
2021-09-29,-0.0005771679085348384
2021-09-30,-0.004701876018085325
2021-10-01,0.007760271032528179
2021-10-04,-0.01441494773595302
2021-10-05,0.009895885823456012
2021-10-06,0.004640196690510277
2021-10-07,0.007265457484294756
2021-10-08,-0.0029298660265298887
2021-10-11,-0.006573677833649554
2021-10-12,-0.002261413284241688
2021-10-13,0.005875168797927394
2021-10-14,0.015064594363180134
2021-10-15,0.0050038324437675225
2021-10-18,0.0053513802948272175
2021-10-19,0.006712779588649256
2021-10-20,0.0016154279044832704
2021-10-21,0.003565772076069552
2021-10-22,-0.0037498835210943355
2021-10-25,0.0070623209721185935
2021-10-26,0.0013072650427259705
2021-10-27,-0.0007767563023657036
2021-10-28,0.008824533320716347
2021-10-29,0.0025147368060369412
2021-11-01,0.0020858691189363536
2021-11-02,0.0038042260385666845
2021-11-03,0.006553948475820346
2021-11-04,0.008852947450622572
2021-11-05,0.0033126341264956786
2021-11-08,-0.00016357358014096963
2021-11-09,-0.0037044799294618847
2021-11-10,-0.010679980107563316
2021-11-11,0.0015619093474866779
2021-11-12,0.007930164897883585
2021-11-15,-0.0006459252774382677
2021-11-16,0.004485896161634299
2021-11-17,-4.003769876835658e-05
2021-11-18,0.006170839332756417
2021-11-19,0.0018530971039668765
2021-11-22,-0.008128420897426337
2021-11-23,-0.002572795204293563
2021-11-24,0.0033748110518524747
2021-11-26,-0.017490798712311618
2021-11-29,0.014614503941069158
2021-11-30,-0.014992867315162589
2021-12-01,-0.0121962114419957
2021-12-02,0.009814280502602775
2021-12-03,-0.010790858792012848
2021-12-06,0.00803986089913521
2021-12-07,0.022201876358107102
2021-12-08,0.0023490862446047703
2021-12-09,-0.00968055732623848
2021-12-10,0.009114481833679985
2021-12-13,-0.009653658801121245
2021-12-14,-0.008304697695291316
2021-12-15,0.01675728809149537
2021-12-16,-0.015052328234187944
2021-12-17,-0.006574972366193409
2021-12-20,-0.009715214470625413
2021-12-21,0.017578525652338813
2021-12-22,0.010532031327497578
2021-12-23,0.005811796509233356
2021-12-27,0.013856729984953504
2021-12-28,-0.00284145399845355
2021-12-29,-5.25088501167519e-05
2021-12-30,-0.0018322781225081491
2021-12-31,-0.003526114312955672
2022-01-03,0.0048361061127111275
2022-01-04,-0.005860056202196966
2022-01-05,-0.023072394762299574
2022-01-06,-0.0011817642994740433
2022-01-07,-0.006801114374014015
2022-01-10,-6.714395891551723e-06
2022-01-11,0.011619133828501533
2022-01-12,0.002909341206670879
2022-01-13,-0.01727147399342713
2022-01-14,0.0020640935166872463
2022-01-18,-0.02007876064007902
2022-01-19,-0.00854808309320764
2022-01-20,-0.010650034363998152
2022-01-21,-0.02102572400899795
2022-01-24,0.003791948881635961
2022-01-25,-0.015939945494255064
2022-01-26,-0.00319291916253884
2022-01-27,-0.006453798154776142
2022-01-28,0.024696657000449793
2022-01-31,0.022102876370842964
2022-02-01,0.001942992259102674
2022-02-02,0.006024108469769539
2022-02-03,-0.02390140020618191
2022-02-04,-3.208507024356006e-06
2022-02-07,-0.003292371482982396
2022-02-08,0.003105739347700125
2022-02-09,0.011588594572146152
2022-02-10,-0.0186214361146601
2022-02-11,-0.009258701319567873
2022-02-14,-0.004632059893529718
2022-02-15,0.0072899849034024685
2022-02-16,0.0028870127707269523
2022-02-17,-0.011750535253096123
2022-02-18,-0.0014514698759967447
2022-02-22,-0.004313693681980329
2022-02-23,-0.01866993630946051
2022-02-24,0.016090726012668373
2022-02-25,0.00894930130193703
2022-02-28,0.010475831542109633
2022-03-01,0.0002106717042795487
2022-03-02,-0.01161272778808377
2022-03-03,-0.00044073760170441694
2022-03-04,0.0035524583686758885
2022-03-07,-0.019158005465337413
2022-03-08,-0.006043758493128369
2022-03-09,0.008347650948826267
2022-03-10,-0.012082548612149368
2022-03-11,-0.007376061973862006
2022-03-14,-0.021150022317589657
2022-03-15,0.011206048646789342
2022-03-16,0.02064805788806577
2022-03-17,0.0014093836601139357
2022-03-18,0.014415123647431596
2022-03-21,-0.013064556915316708
2022-03-22,0.0010916435451786752
2022-03-23,0.005836894982016552
2022-03-24,0.005462947127539559
2022-03-25,-0.00780833254798149
2022-03-28,0.010011286538765613
2022-03-29,0.011127336752297915
2022-03-30,-0.00022379560021850591
2022-03-31,-0.004017776103446062
2022-04-01,0.0002075966899224905
2022-04-04,0.007996570964623398
2022-04-05,-0.021851919769297207
2022-04-06,-0.014919982606188341
2022-04-07,-0.0017875727753790523
2022-04-08,-0.011764452205597345
2022-04-11,-0.01918467447970972
2022-04-12,-0.0024667265799679585
2022-04-13,0.011693242085810745
2022-04-14,-0.0209649797173841
2022-04-18,-0.0015723178053641499
2022-04-19,0.007754462273339014
2022-04-20,0.0009651659625439651
2022-04-21,-0.014350789796411214
2022-04-22,-0.01713639672701253
2022-04-25,0.010129355884285086
2022-04-26,-0.01595687785679081
2022-04-27,-0.006471088660215956
2022-04-28,0.019283539436330238
2022-04-29,-0.029846650892740807
2022-05-02,0.0004252031922072619
2022-05-03,0.0035463398959354455
2022-05-04,0.020330764061248244
2022-05-05,-0.039247802330165935
2022-05-06,-0.01259439225047675
2022-05-09,-0.01799205844594991
2022-05-10,0.00981344763922623
2022-05-11,-0.007374634308833755
2022-05-12,-0.0027514416466297214
2022-05-13,0.012475891867047879
2022-05-16,-0.006147818821268996
2022-05-17,0.008021730035010995
2022-05-18,-0.017547760833721362
2022-05-19,-0.0011448887459524933
2022-05-20,0.0031961819777141837
2022-05-23,0.0018553357383588587
2022-05-24,-0.002665225940473334
2022-05-25,0.008729642239691443
2022-05-26,0.012397407372040566
2022-05-27,0.017999390260054555
2022-05-31,-0.01096412291626338
2022-06-01,-0.004113358077076753
2022-06-02,0.015029064313705627
2022-06-03,-0.015285891578806545
2022-06-06,-0.006370903472199989
2022-06-07,0.00940151426495174
2022-06-08,-0.0076437200243215835
2022-06-09,-0.01305337910219998
2022-06-10,-0.02097641189227807
2022-06-13,-0.03991316689344125
2022-06-14,-0.004819775680212624
2022-06-15,0.021468632664688805
2022-06-16,-0.017839806348412857
2022-06-17,0.0073563081076950315
2022-06-21,0.005697643466677496
2022-06-22,0.010959103128590546
2022-06-23,0.01099382571292318
2022-06-24,0.011794258587059752
2022-06-27,-0.0075761987075901194
2022-06-28,-0.014412434954649164
2022-06-29,0.0070379595009160975
2022-06-30,-0.0031388321304121596
2022-07-01,0.007785298693664574
2022-07-05,0.01128630415670325
2022-07-06,-0.004573350626986446
2022-07-07,0.0074286532057542395
2022-07-08,-0.004060822839874775
2022-07-11,-0.004356460751119963
2022-07-12,-0.00278492214012374
2022-07-13,0.003978521131407036
2022-07-14,-0.0022616318322903808
2022-07-15,0.011781314388812998
2022-07-18,-0.008897048239693929
2022-07-19,0.013783841455101862
2022-07-20,0.008972208387923418
2022-07-21,0.015451302114792238
2022-07-22,-0.0021150484543452624
2022-07-25,-0.007318296793937491
2022-07-26,-0.010191469104004675
2022-07-27,0.019893432251154496
2022-07-28,0.009069139689101481
2022-07-29,0.008502707265746095
2022-08-01,0.010066152274909338
2022-08-02,-0.010955938080731796
2022-08-03,0.020924718875608244
2022-08-04,0.0030698909728082563
2022-08-05,-0.015096771094203461
2022-08-08,0.0054961041373536796
2022-08-09,-0.007516469100820141
2022-08-10,0.01161434486127172
2022-08-11,-0.013155676773527471
2022-08-12,0.014885973408092747
2022-08-15,0.00327952157574971
2022-08-16,0.0004508586455035621
2022-08-17,-0.010812299616460151
2022-08-18,0.0017788197667886541
2022-08-19,-0.017628278322978298
2022-08-22,-0.0158112206291503
2022-08-23,-0.002465367949972942
2022-08-24,-0.0014645532963550039
2022-08-25,0.015274186040583863
2022-08-26,-0.01944081714529201
2022-08-29,-0.008729727400148435
2022-08-30,-0.00523773453352852
2022-08-31,-0.007522189191054784
2022-09-01,-0.008817089586732994
2022-09-02,0.00121264267506183
2022-09-06,-0.012936600342815536
2022-09-07,0.011019002188591236
2022-09-08,-0.0042355136890493104
2022-09-09,0.004497208931027816
2022-09-12,-0.0013433698724837706
2022-09-13,-0.010286778995569821
2022-09-14,0.002293819520719984
2022-09-15,-0.004350359535024053
2022-09-16,-0.004159656212435097
2022-09-19,0.0019299266115471519
2022-09-20,-0.0060481724948211225
2022-09-21,0.003945095406988352
2022-09-22,-0.013775819061043533
2022-09-23,-0.0022625493212213446
2022-09-26,-0.01024938533154296
2022-09-27,-0.011195346458683303
2022-09-28,0.019815942561060108
2022-09-29,-0.00760002964238294
2022-09-30,-0.008701885263760896
2022-10-03,0.014420510003470586
2022-10-04,0.009065533747633102
2022-10-05,-0.003880967544449318
2022-10-06,-0.0029897373982471806
2022-10-07,-0.011566330458913244
2022-10-10,-0.009129195074753831
2022-10-11,-0.0018814344593326687
2022-10-12,0.0028201142542723548
2022-10-13,-0.0012509436069428098
2022-10-14,-0.010289444332302783
2022-10-17,0.005585207199439474
2022-10-18,0.0024942972335365863
2022-10-19,-0.008591059637855466
2022-10-20,-0.00451876827962204
2022-10-21,0.0073532894929275
2022-10-24,-0.0007492945381901326
2022-10-25,0.008940571182332607
2022-10-26,0.001213319998526537
2022-10-27,-0.000833144290485624
2022-10-28,-0.0003165606758471799
2022-10-31,-0.006143596295033997
2022-11-01,0.002286210474230687
2022-11-02,-0.007718097734805352
2022-11-03,-0.005411527097779727
2022-11-04,0.01168747830772212
2022-11-07,-0.0012412833176439946
2022-11-08,0.010639095751612378
2022-11-09,-0.0037336277052960353
2022-11-10,0.02658090924794896
2022-11-11,0.004177256854913207
2022-11-14,-0.0011286768011279378
2022-11-15,0.005211068321699646
2022-11-16,-0.0004149891242467821
2022-11-17,-0.004658623552062285
2022-11-18,-0.003596690577370543
2022-11-21,-0.0031995893843268296
2022-11-22,0.0040897771692767855
2022-11-23,0.005474725663284195
2022-11-25,-0.0007897192319872132
2022-11-28,-0.004418828390293598
2022-11-29,-0.0006388392827108905
2022-11-30,0.012799267584716377
2022-12-01,0.010571632919068772
2022-12-02,-0.00029484938107293365
2022-12-05,-0.011321193800779252
2022-12-06,0.0011515671542246283
2022-12-07,0.006369722924922306
2022-12-08,0.00014262722659369188
2022-12-09,-0.002642512786323996
2022-12-12,-0.0013693590885656723
2022-12-13,0.009595148114557714
2022-12-14,-0.0009634748775717418
2022-12-15,-0.008313810795187533
2022-12-16,0.0008797262086372845
2022-12-19,-0.004715061573923015
2022-12-20,0.0037030663374051933
2022-12-21,0.0018255847877854563
2022-12-22,-0.006415544765987831
2022-12-23,-0.00015784424721824585
2022-12-27,-0.0006608762723981751
2022-12-28,-0.003779714523586622
2022-12-29,0.005833449102000291
2022-12-30,-0.0003814674058104604
2023-01-03,0.004589649942700518
2023-01-04,0.005959172756306395
2023-01-05,-0.006042372475521899
2023-01-06,0.012483605329052423
2023-01-09,0.0016824654581302759
2023-01-10,5.493455003260299e-05
2023-01-11,0.0025509849896804128
2023-01-12,0.0071371373404771074
2023-01-13,0.002669470464136603
2023-01-17,-0.002941202709157844
2023-01-18,0.001594315032539961
2023-01-19,0.004390913943219929
2023-01-20,-0.001551549974868352
2023-01-23,0.0005476714280748886
2023-01-24,0.0026481663725911285
2023-01-25,0.0021010649461048977
2023-01-26,-0.003335178639503909
2023-01-27,-0.0006358744238028019
2023-01-30,-0.002946801837157037
2023-01-31,0.004199893179178812
2023-02-01,0.0066120596689913
2023-02-02,0.005617388474734411
2023-02-03,-0.008779865833626124
2023-02-06,-0.005136688151362056
2023-02-07,0.005477527695361645
2023-02-08,-0.00396724233064895
2023-02-09,-0.005153485847913367
2023-02-10,3.8952655885813545e-05
2023-02-13,0.005456102798615277
2023-02-14,-0.001691885976337763
2023-02-15,0.0005876215815412128
2023-02-16,-0.006669592819249412
2023-02-17,-0.00020030159698327353
2023-02-21,-0.011653729970606508
2023-02-22,-0.00030478027797894763
2023-02-23,0.0032173318817151817
2023-02-24,-0.006784886978743737
2023-02-27,0.0024740591228481225
2023-02-28,-0.001266433349719651
2023-03-01,-0.003627153141845553
2023-03-02,0.004002588089552276
2023-03-03,0.009796400053988477
2023-03-06,2.0056331725077433e-05
2023-03-07,-0.009293037033032261
2023-03-08,0.0006997974036928009
2023-03-09,-0.008502302778493554
2023-03-10,-0.004284521867621504
2023-03-13,0.003936768681518285
2023-03-14,0.006792053170927018
2023-03-15,1.6436795575895842e-05
2023-03-16,0.007335129424756812
2023-03-17,-0.003491950427239988
2023-03-20,0.004448867975775175
2023-03-21,0.00496407385329496
2023-03-22,-0.006534508468561002
2023-03-23,0.0031161820627154187
2023-03-24,0.0037564385487995817
2023-03-27,-0.0016943777832619754
2023-03-28,-0.0016570832072709753
2023-03-29,0.007646728335988842
2023-03-30,0.003443539242573658
2023-03-31,0.008646522243777485
2023-04-03,0.002332610703443972
2023-04-04,0.0019398067245962444
2023-04-05,-0.0008135381252620817
2023-04-06,0.0010137399529866007
2023-04-10,-0.0034605916538076303
2023-04-11,-0.00018755414700675588
2023-04-12,-0.000772536642610561
2023-04-13,0.006823356994802068
2023-04-14,-0.004336289615760282
2023-04-17,-0.0010166717232352072
2023-04-18,0.0007601724130053347
2023-04-19,-0.0012507616184091704
2023-04-20,-0.00012334357074190614
2023-04-21,-0.0013156595767181243
2023-04-24,0.0015176163168893568
2023-04-25,-0.0029272557012704355
2023-04-26,-0.0019802010221322934
2023-04-27,0.00660159485474282
2023-04-28,0.00468448984501625
2023-05-01,-0.0040163622870389775
2023-05-02,0.002614222291157777
2023-05-03,0.0008458409909901763
2023-05-04,-0.00032359873843788444
2023-05-05,0.0029166492567952117
2023-05-08,-0.0010248473303764484
2023-05-09,-0.0013020836552638977
2023-05-10,0.004844005854769076
2023-05-11,0.00021230463171961604
2023-05-12,-0.002819888272611321
2023-05-15,0.001444887249912189
2023-05-16,-0.0033407994202879886
2023-05-17,0.0026619426912972487
2023-05-18,0.0015421817838330008
2023-05-19,-0.00038301139463981296
2023-05-22,-5.2539239184957044e-05
2023-05-23,-0.0036989986258184958
2023-05-24,-0.003966115914908014
2023-05-25,0.002780297515842419
2023-05-26,0.007529900966700535
2023-05-30,0.003849739805265793
2023-05-31,-0.0006724849734478949
2023-06-01,0.0055535255922758734
2023-06-02,-0.002208378765383297
2023-06-05,0.0010034046007932704
2023-06-06,0.00013052717150460288
2023-06-07,-0.008252566922509504
2023-06-08,0.007346483756794262
2023-06-09,-0.0006548129552262528
2023-06-12,0.0053900971276909185
2023-06-13,-0.0008345248641384475
2023-06-14,0.002159735845138148
2023-06-15,0.006929227859660424
2023-06-16,-0.003408740569496681
2023-06-20,-0.0012871805397596196
2023-06-21,-0.003939246369933808
2023-06-22,0.00038111877030426087
2023-06-23,-0.0014397927897342399
2023-06-26,-0.002823265291119173
2023-06-27,0.003138167827964571
2023-06-28,0.0014281067145188889
2023-06-29,-0.0035389361597791733
2023-06-30,0.006073932004580189
2023-07-03,-0.0005609904362712977
2023-07-05,-0.0013868979693992074
2023-07-06,-0.005197501291414448
2023-07-07,-0.0009294815713481012
2023-07-10,0.0020453564670885084
2023-07-11,0.002756003244388798
2023-07-12,0.007990881726624929
2023-07-13,0.008448243069675536
2023-07-14,-0.0021517449601436136
2023-07-17,0.0035337793368905744
2023-07-18,0.0038566006976302023
2023-07-19,0.0010821966583783493
2023-07-20,-0.009546905705831799
2023-07-21,-0.0006998971352449714
2023-07-24,3.9165604474157654e-05
2023-07-25,0.0019793816050590403
2023-07-26,0.0002904118332466083
2023-07-27,-0.004811296782296925
2023-07-28,0.007714048770787446
2023-07-31,0.0008350228959193629
2023-08-01,-0.0033975602757067205
2023-08-02,-0.012143551728558183
2023-08-03,-0.0027837888720562975
2023-08-04,-0.00032547171491890503
2023-08-07,0.004794772166513661
2023-08-08,-0.0033090378709435694
2023-08-09,-0.005844937636653429
2023-08-10,-0.0009018950346856874
2023-08-11,-0.0037011072121361133
2023-08-14,0.004936249920875919
2023-08-15,-0.007300867237413185
2023-08-16,-0.006785966212494096
2023-08-17,-0.006102303872683395
2023-08-18,0.0003348662736790136
2023-08-21,0.006133044345871732
2023-08-22,-0.001154091712036793
2023-08-23,0.011295981719418532
2023-08-24,-0.012302369303311128
2023-08-25,0.004420278279993577
2023-08-28,0.005088079137319415
2023-08-29,0.0135978121983596
2023-08-30,0.003128923296791976
2023-08-31,0.0012204788463105907
2023-09-01,-0.0011299397926280612
2023-09-05,-0.002512396879575862
2023-09-06,-0.00630055513464742
2023-09-07,-0.002894881070394265
2023-09-08,0.0010535963535358596
2023-09-11,0.006318060478562136
2023-09-12,-0.005928198017417006
2023-09-13,0.0020428565774423305
2023-09-14,0.005477552987406255
2023-09-15,-0.011023885712974095
2023-09-18,0.0009458621230126005
2023-09-19,-0.002310110525879004
2023-09-20,-0.008717765946196797
2023-09-21,-0.014229603094380807
2023-09-22,0.00024245504057595477
2023-09-25,0.0015141230488728667
2023-09-26,-0.010929968503462225
2023-09-27,-0.000295325098571026
2023-09-28,0.00557909995513028
2023-09-29,-0.0007828085408104518
2023-10-02,0.004573915327914881
2023-10-03,-0.01590104551687126
2023-10-04,0.011084972817413009
2023-10-05,-0.0019299657699686642
2023-10-06,0.014348709575585532
2023-10-09,0.005718094589737826
2023-10-10,0.0051988534205698695
2023-10-11,0.005982129015418065
2023-10-12,-0.004510438188135101
2023-10-13,-0.009391880589231247
2023-10-16,0.01050856968990475
2023-10-17,-0.0022665606862641388
2023-10-18,-0.012949843241763681
2023-10-19,-0.00898576559109251
2023-10-20,-0.01353076285661242
2023-10-23,0.0013607194253179127
2023-10-24,0.008679301117885922
2023-10-25,-0.020639372168732108
2023-10-26,-0.016013384065503032
2023-10-27,0.001467467815044726
2023-10-30,0.011029608919713794
2023-10-31,0.00509090463585254
2023-11-01,0.014846827052566665
2023-11-02,0.018299190099482242
2023-11-03,0.010755577507368256
2023-11-06,0.0034237403614201557
2023-11-07,0.007094704918984868
2023-11-08,0.0006780902627683454
2023-11-09,-0.007759340719018747
2023-11-10,0.019806910459462423
2023-11-13,-0.002354697341535914
2023-11-14,0.020542707141416955
2023-11-15,0.0012089765274736772
2023-11-16,0.0010009194992040124
2023-11-17,0.0005866187830334477
2023-11-20,0.010517818818005146
2023-11-21,-0.004528438331798432
2023-11-22,0.003990009195923224
2023-11-24,-0.0007076032096612448
2023-11-27,-0.0011776548389859475
2023-11-28,0.002054227808450863
2023-11-29,-0.0008646157417233005
2023-11-30,-0.0002660469650171998
2023-12-01,0.003916491134975639
2023-12-04,-0.007903567773109682
2023-12-05,0.0015619344736984252
2023-12-06,-0.005181207652241822
2023-12-07,0.011675558346930013
2023-12-08,0.004388610891395646
2023-12-11,0.006884817287977356
2023-12-12,0.006749301551062497
2023-12-13,0.013007969630700725
2023-12-14,0.0005599859695424359
2023-12-15,0.0025559445594011436
2023-12-18,0.006042499105297711
2023-12-19,0.005433621258078879
2023-12-20,-0.01461000118728858
2023-12-21,0.010818983242628416
2023-12-22,0.0016739202208473167
2023-12-26,0.005440282881604535
2023-12-27,0.001955417879474079
2023-12-28,-0.00018475629149725586
2023-12-29,-0.0038330801793136186
2024-01-02,-0.013188760109879363
2024-01-03,-0.008396828824364762
2024-01-04,-0.005839399533985016
2024-01-05,1.6908056654036546e-05
2024-01-08,0.0177684462465184
2024-01-09,0.00020384196858404615
2024-01-10,0.00520701246324784
2024-01-11,0.001874901065808645
2024-01-12,0.000277539085286187
2024-01-16,-0.002932750980294797
2024-01-17,-0.005179840511581909
2024-01-18,0.010217546418226557
2024-01-19,0.01606737014523397
2024-01-22,0.0020163915979630074
2024-01-23,0.0024910129225032755
2024-01-24,0.0031969935669948443
2024-01-25,0.0028139297498185455
2024-01-26,-0.004401272876934269
2024-01-29,0.009783065647292736
2024-01-30,-0.003511969585341144
2024-01-31,-0.01567096368022877
2024-02-01,0.01222934737704022
2024-02-02,0.006438975263692822
2024-02-05,-0.004431357636232474
2024-02-06,0.0016728725665517636
2024-02-07,0.0062974164469033625
2024-02-08,0.00026867574463740383
2024-02-09,0.005005620128802189
2024-02-12,-0.002371519088157294
2024-02-13,-0.015048238720980326
2024-02-14,0.007579518754643307
2024-02-15,0.004852158085996977
2024-02-16,-0.00524857520101759
2024-02-20,-0.0035718411948569
2024-02-21,-0.0022985404874058778
2024-02-22,0.018955278541500926
2024-02-23,0.0011122062040502766
2024-02-26,-0.0018393851090120663
2024-02-27,0.0007200969649019384
2024-02-28,-0.00188991616967808
2024-02-29,0.006534917885515426
2024-03-01,0.014477036729873296
2024-03-04,0.002751579443981682
2024-03-05,-0.00856864551492868
2024-03-06,0.0065300991458317
2024-03-07,0.010798653875740867
2024-03-08,-0.005572612972089273
2024-03-11,-0.0013587110433505463
2024-03-12,0.005610360284779841
2024-03-13,-0.0019038206751219146
2024-03-14,-0.0031095494897120123
2024-03-15,-0.0079849719293952
2024-03-18,0.006114153525648452
2024-03-19,0.0021553382900042595
2024-03-20,0.010974891814251441
2024-03-21,0.0026524110635629742
2024-03-22,-0.0021216495135740494
2024-03-25,-0.0014569830968093366
2024-03-26,-0.000911641164283347
2024-03-27,0.005811862051366399
2024-03-28,0.002855082148351164
2024-04-01,0.004146966867879985
2024-04-02,0.0008074328094973202
2024-04-03,0.004449031834069598
2024-04-04,-0.010930656260486574
2024-04-05,0.01336479669908313
2024-04-08,0.0026194716959379843
2024-04-09,0.003783941127662797
2024-04-10,-0.009382576794339771
2024-04-11,0.0151293555928651
2024-04-12,-0.014466776047109477
2024-04-15,-0.0021998200836063683
2024-04-16,5.6431406302645515e-05
2024-04-17,-0.008860306422638638
2024-04-18,-0.0013572429720801024
2024-04-19,-0.008783065942674891
2024-04-22,-0.003609905676903639
2024-04-23,0.007461727033689149
2024-04-24,0.00044048239460656353
2024-04-25,-0.0004727959003728837
2024-04-26,0.009276919952021364
2024-04-29,0.0016089128861575775
2024-04-30,-0.01870968652695656
2024-05-01,0.0009406009830166157
2024-05-02,0.0047882868075821835
2024-05-03,0.008699106432892269
2024-05-06,0.010536117232501228
2024-05-07,-0.001702100156136172
2024-05-08,-0.0014519193201377682
2024-05-09,0.009105296271379227
2024-05-10,0.0046059331175882
2024-05-13,-0.004289716006132713
2024-05-14,0.0068147222828275475
2024-05-15,0.013433820423079331
2024-05-16,-0.0028679555178425854
2024-05-17,0.007494227666609492
2024-05-20,0.004098678724015875
2024-05-21,0.000569134924198928
2024-05-22,-0.009046955596552303
2024-05-23,-0.012193955783273463
2024-05-24,0.00489732868465664
2024-05-28,0.005911079394176427
2024-05-29,-0.008069868103287461
2024-05-30,-0.004054037850691675
2024-05-31,-0.0007235500173274463
2024-06-03,0.006022300949395916
2024-06-04,-0.0027616334491485654
2024-06-05,0.014888333390349884
2024-06-06,0.0031297212345788
2024-06-07,-0.01665735714385957
2024-06-10,0.006121634963171925
2024-06-11,0.004286418241354981
2024-06-12,0.007566421070406386
2024-06-13,-0.0012190238639886953
2024-06-14,0.007776535237874777
2024-06-17,0.0037181571222295613
2024-06-18,0.00233993354206426
2024-06-20,0.002080525198255266
2024-06-21,-0.008176996995970175
2024-06-24,-0.0031715055376462667
2024-06-25,0.002791452694125035
2024-06-26,-0.0031056163496900294
2024-06-27,0.006254346609025082
2024-06-28,-0.0026330627276723684
2024-07-01,0.0038379011412655985
2024-07-02,0.005977013832419406
2024-07-03,0.008545192172969902
2024-07-05,0.010498922516495991
2024-07-08,-0.0031213233735474166
2024-07-09,0.0011793287816172873
2024-07-10,0.007891720447542239
2024-07-11,-0.005376909645797212
2024-07-12,0.003654424776770166
2024-07-15,0.0028866328662423653
2024-07-16,0.008344472566456042
2024-07-17,-0.017718786545313902
2024-07-18,-0.005934808104601279
2024-07-19,-0.0116956539172565
2024-07-22,0.0087518584128871
2024-07-23,-0.0006437036939986544
2024-07-24,-0.02209208879659782
2024-07-25,-0.011546566341276638
2024-07-26,0.010491363538886838
2024-07-29,0.0005119748477437639
2024-07-30,-0.003649347220623801
2024-07-31,0.022544526775186934
2024-08-01,-0.01301873356800273
2024-08-02,-0.012718560905057037
2024-08-05,-0.022127837118963427
2024-08-06,0.0014713589740660182
2024-08-07,-0.0055963123963283165
2024-08-08,0.02190265334830077
2024-08-09,0.003920102144336984
2024-08-12,0.008223534455689416
2024-08-13,0.01140745023882294
2024-08-14,-0.0026813528056269147
2024-08-15,0.013508296989275586
2024-08-16,0.010475883131965185
2024-08-19,0.005901739359203821
2024-08-20,0.0006077543253441823
2024-08-21,0.0017757588651194616
2024-08-22,-0.01255904266218981
2024-08-23,0.010986934475605729
2024-08-26,-0.002594427898104295
2024-08-27,0.0024714277015266345
2024-08-28,-0.00826251466473207
2024-08-29,0.001678054245626992
2024-08-30,0.002900383071406865
2024-09-03,-0.016787767333550047
2024-09-04,-0.0010717844626608889
2024-09-05,0.003040947639427667
2024-09-06,-0.015848201215615927
2024-09-09,0.008682079218963232
2024-09-10,0.005753895780238334
2024-09-11,0.008455608166624561
2024-09-12,0.01255273846025175
2024-09-13,0.006961586543264573
2024-09-16,-0.0008521097809321561
2024-09-17,-0.0020636100002872403
2024-09-18,-0.005375335402629824
2024-09-19,0.018559590520689416
2024-09-20,0.004244530610508756
2024-09-23,0.0022989177449141565
2024-09-24,0.008033769092790962
2024-09-25,-0.0009759007051444039
2024-09-26,0.00542972436542279
2024-09-27,-0.005352692435905868
2024-09-30,-0.0014301083380411164
2024-10-01,-0.001771125739040941
2024-10-02,0.0006054369382935433
2024-10-03,-0.0010138535669680796
2024-10-04,0.004899550590718812
2024-10-07,-0.007020167246516252
2024-10-08,0.0034400824322189925
2024-10-09,0.001640828860432359
2024-10-10,0.0024767453619773993
2024-10-11,0.006894747341602848
2024-10-14,0.003834450183233879
2024-10-15,-0.004376041549221093
2024-10-16,0.00342655822143548
2024-10-17,0.0028867045217985084
2024-10-18,0.007612118257957571
2024-10-21,1.5719118401927236e-05
2024-10-22,0.004964505495088794
2024-10-23,-0.012280471804827909
2024-10-24,0.006308032045567002
2024-10-25,0.0025575502150510412
2024-10-28,0.0008895142808158102
2024-10-29,0.008003657752164928
2024-10-30,-0.0005197387620448737
2024-10-31,-0.019570554862937104
2024-11-01,0.005064994164921861
2024-11-04,-0.0023109576184774734
2024-11-05,0.011571309219860843
2024-11-06,0.021106743281458423
2024-11-07,0.013279156111009941
2024-11-08,0.0014190049793164925
2024-11-11,-0.00214199688831319
2024-11-12,-0.002798299507320999
2024-11-13,-0.0015273070547555995
2024-11-14,-0.0064371820936200835
2024-11-15,-0.018808061267516635
2024-11-18,0.007113089591701269
2024-11-19,0.006075621258624832
2024-11-20,0.0002371631027377147
2024-11-21,0.004529170092675801
2024-11-22,0.003025453227816184
2024-11-25,-0.0006208239015446809
2024-11-26,0.005012890532234646
2024-11-27,-0.0055644785222530935
2024-11-29,0.007969392207914197
2024-12-02,0.007462086241888943
2024-12-03,0.0021563393973668683
2024-12-04,0.010103399713306134
2024-12-05,-0.002426298305309563
2024-12-06,0.006415223192909147
2024-12-09,-0.006747867388241074
2024-12-10,-0.0031661648082648686
2024-12-11,0.014207643620647548
2024-12-12,-0.006095594144384357
2024-12-13,0.004753955849732191
2024-12-16,0.01073217546750904
2024-12-17,-0.00431004097084338
2024-12-18,-0.034354422042914536
2024-12-19,-0.0029786440385996104
2024-12-20,0.009828440183121772
2024-12-23,0.008284796418457759
2024-12-24,0.01253537986018616
2024-12-26,-0.0003574580363584419
2024-12-27,-0.012359860771523113
2024-12-30,-0.012640573602883126
2024-12-31,-0.006716985436295156
2025-01-02,-0.00212786404157019
2025-01-03,0.014881118433005443
2025-01-06,0.009429980968527351
2025-01-07,-0.015665193359722388
2025-01-08,0.000628382545226118
2025-01-10,-0.01563634947209036
2025-01-13,-0.0015583327261475348
2025-01-14,-0.00013201733931027888
2025-01-15,0.02108293364874139
2025-01-16,-0.005233949911984334
2025-01-17,0.01435990430772512
2025-01-21,0.006996796212014687
2025-01-22,0.010217152560583403
2025-01-23,0.0032807347268006804
2025-01-24,-0.004697905843029105
2025-01-27,-0.024182647200707723
2025-01-28,0.012528999965582087
2025-01-29,-0.0027948554195710573
2025-01-30,0.004646932978370978
2025-01-31,-0.002807876346586287
2025-02-03,-0.006184939778216637
2025-02-04,0.010000940743723452
2025-02-05,0.004548014910341366
2025-02-06,0.003708222358660917
2025-02-07,-0.009829961725469613
2025-02-10,0.010732625622155264
2025-02-11,-0.001429381646832834
2025-02-12,-0.0006937113757543898
2025-02-13,0.012455176695636574
2025-02-14,0.0005346578888345977
2025-02-18,0.0041029764329930316
2025-02-19,0.0010341639533501964
2025-02-20,-0.0036831700728794667
2025-02-21,-0.01739954209851238
2025-02-24,-0.007358291220227858
2025-02-25,-0.010057974983927352
2025-02-26,0.0016451907574266795
2025-02-27,-0.022492568816184902
2025-02-28,0.013115239090906337
2025-03-03,-0.01272681043327566
2025-03-04,-0.003488927689011597
2025-03-05,0.009705289618704899
2025-03-06,-0.019254748503105715
2025-03-07,0.005182291521820497
2025-03-10,-0.028205422152634732
2025-03-11,-0.001300130959822976
2025-03-12,0.00759253606406315
2025-03-13,-0.008423180402658957
2025-03-14,0.017376808786805815
2025-03-17,0.006648469124569902
2025-03-18,-0.008477748021892915
2025-03-19,0.010355996861966678
2025-03-20,-0.0027433442442521623
2025-03-21,-0.00031284958905394454
2025-03-24,0.014412490217603326
2025-03-25,0.004247039476216654
2025-03-26,-0.01226995877492627
2025-03-27,-0.00034775063260617444
2025-03-28,-0.016770739202954143
2025-03-31,0.005541537807046454
2025-04-01,0.0027091798082991268
2025-04-02,0.005168032882961442
2025-04-03,-0.03688458042304022
2025-04-04,-0.04910699281956078
2025-04-07,-0.007220282623415538
2025-04-08,-0.009352528689602808
2025-04-09,0.0825735231384424
2025-04-10,-0.021061411984711304
2025-04-11,0.01827642836853971
2025-04-14,0.0035466542922279114
2025-04-15,0.0011333343766548143
2025-04-16,-0.006577193543830524
2025-04-17,-0.0010468741471418804
2025-04-21,-0.005931850792778253
2025-04-22,0.0122272578393183
2025-04-23,0.004160859528838715
2025-04-24,0.02083110169851524
2025-04-25,0.0022879064300276057
2025-04-28,0.004819245156991711
2025-04-29,0.0009379211815756711
2025-04-30,-0.002441999853101265
2025-05-01,-0.00015772416955877233
2025-05-02,0.007405524777540083
2025-05-05,0.002843943575333706
2025-05-06,0.0012349778798426024
2025-05-07,-0.0008134461565198641
2025-05-08,-0.0002674144171244154
2025-05-09,0.001058831389194413
2025-05-12,0.01213335424383286
2025-05-13,0.006010318912316089
2025-05-14,-0.0027954417909138137
2025-05-15,0.005426667498596513
2025-05-16,0.0003341675847020947
2025-05-19,0.0031997738549595883
2025-05-20,0.0019945109887502237
2025-05-21,-0.0068297532514611445
2025-05-22,-0.001089168331368615
2025-05-23,0.00044689461016672333
2025-05-27,0.007877123589941398
2025-05-28,-0.0033635420398292577
2025-05-29,0.0031015049455522274
2025-05-30,-0.001653024541934567
2025-06-02,0.00787880700077224
2025-06-03,0.001549073347514343
2025-06-04,0.0022544643123554647
2025-06-05,-0.004268706136611561
2025-06-06,0.0019776908311624386
2025-06-09,0.001673045345085498
2025-06-10,0.0030826382313925505
2025-06-11,-4.057851224296039e-05
2025-06-12,0.004222443340862475
2025-06-13,-0.00372688856602906
2025-06-16,0.0029255038192679546
2025-06-17,-0.0043066507800655586
2025-06-18,-0.00093417290557909
2025-06-20,-0.0013865785559556759
2025-06-23,0.00599775774253284
2025-06-24,0.0036809360777659656
2025-06-25,0.0012913344562753219
2025-06-26,0.0043895907472915495
2025-06-27,-0.0013488329274134363
2025-06-30,0.005182935697993982
2025-07-01,-0.004315765111339575
2025-07-02,0.005849296143360045
2025-07-03,0.007092436457592628
2025-07-07,-0.006418182341818753
2025-07-08,-0.0009671544203727934
2025-07-09,0.006263071679362336
2025-07-10,0.0002623691342771286
2025-07-11,-0.0013015763326355652
2025-07-14,0.0022215515481370752
2025-07-15,-0.0012313753982740906
2025-07-16,0.0021441752804556287
2025-07-17,0.006118239062990771
2025-07-18,-0.0004557208773628528
2025-07-21,0.005136001045671439
2025-07-22,-0.0018528064829374626
2025-07-23,0.003721835014575794
2025-07-24,0.0006144502332762077
2025-07-25,0.0016324420664664706
2025-07-28,0.0009873328653177374
2025-07-29,-0.0013389506229151845
2025-07-30,-0.0015198370842415892
2025-07-31,-0.0034062003631289573
2025-08-01,-0.017898155466423427
2025-08-04,0.016878927537424846
2025-08-05,-0.006043481899556047
2025-08-06,0.010512131401966473
2025-08-07,0.0020784585452585506
2025-08-08,0.008533729726009364
2025-08-11,-0.002889114607914702
2025-08-12,0.011516101527046145
2025-08-13,0.0015309585436021104
2025-08-14,-0.0006150004786376707
2025-08-15,-0.003594458987336704
2025-08-18,-0.0003636142337554353
2025-08-19,-0.010695731465091783
2025-08-20,-0.0044742506302874446
2025-08-21,-0.0043957248441060335
2025-08-22,0.015139197330254824
2025-08-25,-0.0033767280194679223
2025-08-26,0.004127629020705532
2025-08-27,0.0017904217919793362
2025-08-28,0.005346198509660099
2025-08-29,-0.009236832431597208
2025-09-02,-0.0039005083614637092
2025-09-03,0.0070208284259421746
2025-09-04,0.006961152587429868
2025-09-05,0.001595993449254591
2025-09-08,0.0049360067496255575
2025-09-09,0.001964857864124565
2025-09-10,0.0016193390320653751
2025-09-11,0.005637246536124455
2025-09-12,0.00249885624419771
2025-09-15,0.007697679510744658
2025-09-16,-0.0006365647730989508
2025-09-17,-0.002523919272947952
2025-09-18,0.005780903845789824
2025-09-19,0.006658666408284747
2025-09-22,0.0070299134492283555
2025-09-23,-0.004807809171625154
2025-09-24,-0.004161926239550596
2025-09-25,-0.003273594422878676
2025-09-26,0.004860537831255727
2025-09-29,0.005604241913248599
2025-09-30,0.0038558394919986183
2025-10-01,0.003572120049125057
2025-10-02,0.0015708264043631029
2025-10-03,-0.0002640122231085725
2025-10-06,0.00939421107803582
2025-10-07,-0.002350974290514146
2025-10-08,0.011424926275376019
2025-10-09,-0.005898595192515763
2025-10-10,-0.02233746895258066
2025-10-13,0.020472831799949926
2025-10-14,-0.0020601493969092015
2025-10-15,0.00897388675304963
2025-10-16,0.002249712652193763
2025-10-17,2.0871337012160797e-05
2025-10-20,0.017799291221259894
2025-10-21,-0.01660279049439569
2025-10-22,-0.006270500010476742
2025-10-23,0.0067444955880511205
2025-10-24,0.006610036932766137
2025-10-27,0.00497580904441328
2025-10-28,0.002876097425420872
2025-10-29,0.0015547465613173154
2025-10-30,-0.005810243302924218
2025-10-31,0.0019315065185580766
2025-11-03,0.0035908709964471578
2025-11-04,-0.01886078841060703
2025-11-05,0.0074324144394558225
2025-11-06,-0.013468521686812111
2025-11-07,-0.00036166788127152123
2025-11-10,0.022484940231964616
2025-11-11,-0.00045730774334766934
2025-11-12,0.003614826107519494
2025-11-13,-0.017030222779987458
2025-11-14,-0.004159769797047285
2025-11-17,-0.009411428200585225
2025-11-18,-0.006889987815070024
2025-11-19,0.004628066639206453
2025-11-20,-0.017020250448912342
2025-11-21,0.005452992121723284
2025-11-24,0.02168305799827146
2025-11-25,0.004851659288822129
2025-11-26,0.008379063051742465
2025-11-28,0.008875587785310422
2025-12-01,-0.0004951847231036322
2025-12-02,0.0025077640108091635
2025-12-03,0.0012166885079416558
2025-12-04,-0.0003350727748051536
2025-12-05,0.0019011604005424144
2025-12-08,-0.0021969125343602623
2025-12-09,0.0026358168237481314
2025-12-10,0.004174218087013899
2025-12-11,0.0019325046417141669
2025-12-12,-0.01009470722966394
2025-12-15,-0.002816853075142214
2025-12-16,0.0012868449239324196
2025-12-17,-0.008639205470148844
2025-12-18,0.008379549664621351
2025-12-19,0.008576823957517452
2025-12-22,0.011406348679954253
2025-12-23,0.007783014306872616
2025-12-24,0.0003394467244278163
2025-12-26,0.004212545200131395
2025-12-29,-0.019367118709228394
2025-12-30,-0.001192887539198438
2025-12-31,-0.0075358231004129805
